code_insee,commune,departement,code_departement,population
77001,Achères-la-Forêt,Seine-et-Marne,77,1191
77002,Annet-sur-Marne,Seine-et-Marne,77,830
77003,Arbonne-la-Forêt,Seine-et-Marne,77,349
77004,Argentières,Seine-et-Marne,77,336
77005,Aubepierre-Ozouer-le-Repos,Seine-et-Marne,77,3408
77006,Aufferville,Seine-et-Marne,77,1021
77007,Augers-en-Brie,Seine-et-Marne,77,361
77008,Aulnoy,Seine-et-Marne,77,1176
77009,Avon,Seine-et-Marne,77,145
77010,Bagneaux-sur-Loing,Seine-et-Marne,77,984
77011,Bailly-Romainvilliers,Seine-et-Marne,77,482
77012,Balloy,Seine-et-Marne,77,265
77013,Bannost-Villegagnon,Seine-et-Marne,77,362
77014,Barbey,Seine-et-Marne,77,13651
77015,Barbizon,Seine-et-Marne,77,113
77016,Barcy,Seine-et-Marne,77,1570
77017,Bassevelle,Seine-et-Marne,77,
77018,Beauchery-Saint-Martin,Seine-et-Marne,77,6980
77019,Beautheil-Saints,Seine-et-Marne,77,359
77020,Beauvoir,Seine-et-Marne,77,667
77021,Bellot,Seine-et-Marne,77,153
77022,Bernay-Vilbert,Seine-et-Marne,77,1261
77023,Beton-Bazoches,Seine-et-Marne,77,387
77024,Blennes,Seine-et-Marne,77,374
77025,Bois-le-Roi,Seine-et-Marne,77,878
77026,Boisdon,Seine-et-Marne,77,384
77027,Boissettes,Seine-et-Marne,77,1129
77028,Boissise-la-Bertrand,Seine-et-Marne,77,
77029,Boissise-le-Roi,Seine-et-Marne,77,185
77030,Boissy-aux-Cailles,Seine-et-Marne,77,777
77031,Boissy-le-Châtel,Seine-et-Marne,77,1005
77032,Bornel,Seine-et-Marne,77,890
77033,Bouy-Luxembourg,Seine-et-Marne,77,221
77034,Bransles,Seine-et-Marne,77,763
77035,Bray-sur-Seine,Seine-et-Marne,77,546
77036,Bréau,Seine-et-Marne,77,131
77037,Brie-Comte-Robert,Seine-et-Marne,77,6072
77038,Breau-Mars,Seine-et-Marne,77,437
77039,La Brosse-Montceaux,Seine-et-Marne,77,1206
77040,Brou-sur-Chantereine,Seine-et-Marne,77,3941
77041,Bulcy,Seine-et-Marne,77,272
77042,Burcy,Seine-et-Marne,77,3346
77043,Bussières,Seine-et-Marne,77,322
77044,Bussy-Saint-Georges,Seine-et-Marne,77,935
77045,Bussy-Saint-Martin,Seine-et-Marne,77,738
77046,Cailly-sur-Eure,Seine-et-Marne,77,350
77047,Cannes-Écluse,Seine-et-Marne,77,1743
77048,Carnetin,Seine-et-Marne,77,2774
77049,La Celle-sur-Morin,Seine-et-Marne,77,874
77050,Cély,Seine-et-Marne,77,526
77051,Cerneux,Seine-et-Marne,77,2344
77052,Cesson,Seine-et-Marne,77,384
77053,Chailly-en-Bière,Seine-et-Marne,77,19003
77054,Chailly-en-Brie,Seine-et-Marne,77,776
77055,Chaintreaux,Seine-et-Marne,77,5196
77056,Chalautre-la-Grande,Seine-et-Marne,77,150
77057,Chalautre-la-Petite,Seine-et-Marne,77,600
77058,Chalifert,Seine-et-Marne,77,27498
77059,Chalmaison,Seine-et-Marne,77,738
77060,Chambry,Seine-et-Marne,77,792
77061,Chamigny,Seine-et-Marne,77,2742
77062,Champagne-sur-Seine,Seine-et-Marne,77,461
77063,Champcenest,Seine-et-Marne,77,1235
77064,Changis-sur-Marne,Seine-et-Marne,77,
77065,Charly-sur-Marne,Seine-et-Marne,77,1259
77066,Charmentray,Seine-et-Marne,77,272
77067,Charny,Seine-et-Marne,77,11222
77068,Chartronges,Seine-et-Marne,77,213
77069,Château-Landon,Seine-et-Marne,77,2162
77070,Châtenay-sur-Seine,Seine-et-Marne,77,1576
77071,Châtillon-la-Borde,Seine-et-Marne,77,821
77072,Châtres,Seine-et-Marne,77,644
77073,Chaumes-en-Brie,Seine-et-Marne,77,541
77074,Chauconin-Neufmontiers,Seine-et-Marne,77,
77075,Chelles,Seine-et-Marne,77,1584
77076,Chessy,Seine-et-Marne,77,749
77077,Chevrainvilliers,Seine-et-Marne,77,1064
77078,Chevru,Seine-et-Marne,77,1480
77079,Chevry-Cossigny,Seine-et-Marne,77,6497
77080,Chevry-en-Sereine,Seine-et-Marne,77,205
77081,Choisy-en-Brie,Seine-et-Marne,77,739
77082,Claye-Souilly,Seine-et-Marne,77,810
77083,Clutots,Seine-et-Marne,77,27451
77084,Cocherel,Seine-et-Marne,77,1335
77085,Collegien,Seine-et-Marne,77,4130
77086,Combs-la-Ville,Seine-et-Marne,77,1400
77087,Compans,Seine-et-Marne,77,191
77088,Conches-sur-Gondoire,Seine-et-Marne,77,2170
77089,Condé-Sainte-Libiaire,Seine-et-Marne,77,913
77090,Coulombs-en-Valois,Seine-et-Marne,77,239
77091,Coulommiers,Seine-et-Marne,77,459
77092,Coupvray,Seine-et-Marne,77,
77093,Courcelles-en-Bassée,Seine-et-Marne,77,400
77094,Courchamp,Seine-et-Marne,77,291
77095,Courpalay,Seine-et-Marne,77,1585
77096,Courquetaine,Seine-et-Marne,77,2633
77097,Courtacon,Seine-et-Marne,77,304
77098,Courtomer,Seine-et-Marne,77,363
77099,Courtry,Seine-et-Marne,77,3149
77100,Coutencon,Seine-et-Marne,77,4207
77101,Coutevroult,Seine-et-Marne,77,1049
77102,Crécy-la-Chapelle,Seine-et-Marne,77,155
77103,Crèvecœur-en-Brie,Seine-et-Marne,77,226
77104,Crisenoy,Seine-et-Marne,77,714
77105,Croissy-Beaubourg,Seine-et-Marne,77,
77106,La Croix-en-Brie,Seine-et-Marne,77,994
77107,Crouy-sur-Ourcq,Seine-et-Marne,77,3503
77108,Dammarie-les-Lys,Seine-et-Marne,77,54620
77109,Dammartin-en-Goële,Seine-et-Marne,77,1607
77110,Dammartin-sur-Tigeaux,Seine-et-Marne,77,291
77111,Dampierre,Seine-et-Marne,77,7771
77112,Donnemarie-Dontilly,Seine-et-Marne,77,255
77113,Dormelles,Seine-et-Marne,77,1012
77114,Égreville,Seine-et-Marne,77,4075
77115,Émerainville,Seine-et-Marne,77,498
77116,Épisy,Seine-et-Marne,77,1354
77117,Étampes-sur-Marne,Seine-et-Marne,77,922
77118,Éverly,Seine-et-Marne,77,13353
77119,Évry-Grégy-sur-Yerre,Seine-et-Marne,77,244
77120,Faremoutiers,Seine-et-Marne,77,618
77121,Favières,Seine-et-Marne,77,3354
77122,Férolles-Attilly,Seine-et-Marne,77,23350
77123,Fericy,Seine-et-Marne,77,754
77124,Ferrières-en-Brie,Seine-et-Marne,77,1761
77125,Fontainebleau,Seine-et-Marne,77,1500
77126,Fontains,Seine-et-Marne,77,1772
77127,Fontenailles,Seine-et-Marne,77,2005
77128,Fontenay-Trésigny,Seine-et-Marne,77,2064
77129,Forfry,Seine-et-Marne,77,576
77130,Forges,Seine-et-Marne,77,542
77131,Fossoy,Seine-et-Marne,77,16374
77132,Fretoy,Seine-et-Marne,77,3066
77133,Fromont,Seine-et-Marne,77,223
77134,Garentreville,Seine-et-Marne,77,151
77135,Gastins,Seine-et-Marne,77,1610
77136,Germigny-l'Évêque,Seine-et-Marne,77,184
77137,Germigny-sous-Coulombs,Seine-et-Marne,77,245
77138,Giremoutiers,Seine-et-Marne,77,591
77139,Gironville,Seine-et-Marne,77,7330
77140,Gouaix,Seine-et-Marne,77,260
77141,Gouvernes,Seine-et-Marne,77,1187
77142,La Grand-Paroisse,Seine-et-Marne,77,4973
77143,Grandpuits-Bailly-Carrois,Seine-et-Marne,77,5446
77144,Gretz-Armainvilliers,Seine-et-Marne,77,437
77145,Grez-sur-Loing,Seine-et-Marne,77,611
77146,Grigy,Seine-et-Marne,77,2018
77147,Grisy-sur-Seine,Seine-et-Marne,77,681
77148,Guermantes,Seine-et-Marne,77,1811
77149,Guercheville,Seine-et-Marne,77,
77150,Gurcy-le-Châtel,Seine-et-Marne,77,476
77151,Hautefeuille,Seine-et-Marne,77,305
77152,Herme,Seine-et-Marne,77,23559
77153,Hondevilliers,Seine-et-Marne,77,11907
77154,Houlette,Seine-et-Marne,77,1280
77155,Isles-les-Meldeuses,Seine-et-Marne,77,3677
77156,Isles-sur-Suippe,Seine-et-Marne,77,987
77157,L'Isle-sur-Marne,Seine-et-Marne,77,334
77158,Iverny,Seine-et-Marne,77,194
77159,Jaulnes,Seine-et-Marne,77,2706
77160,Joigny-sur-Meuse,Seine-et-Marne,77,
77161,Jouarre,Seine-et-Marne,77,816
77162,Jouy-le-Châtel,Seine-et-Marne,77,1122
77163,Jouy-sur-Morin,Seine-et-Marne,77,395
77164,Juilly,Seine-et-Marne,77,555
77165,Jutigny,Seine-et-Marne,77,628
77166,Lagny-sur-Marne,Seine-et-Marne,77,
77167,Lamorlaye,Seine-et-Marne,77,310
77168,Larchant,Seine-et-Marne,77,2186
77169,Laval,Seine-et-Marne,77,7690
77170,Lechelle,Seine-et-Marne,77,
77171,Leudon-en-Brie,Seine-et-Marne,77,6072
77172,Lieusaint,Seine-et-Marne,77,934
77173,Limoges-Fourches,Seine-et-Marne,77,805
77174,Lissy,Seine-et-Marne,77,566
77175,Livry-sur-Seine,Seine-et-Marne,77,3321
77176,Lizines,Seine-et-Marne,77,3057
77177,Loing,Seine-et-Marne,77,1316
77178,Longueville,Seine-et-Marne,77,524
77179,Lorrez-le-Bocage-Préaux,Seine-et-Marne,77,625
77180,Louan-Villegruis-Fontaine,Seine-et-Marne,77,1248
77181,Luisetaines,Seine-et-Marne,77,3932
77182,Lumigny-Nesles-Ormeaux,Seine-et-Marne,77,4743
77183,Luzancy,Seine-et-Marne,77,10254
77184,Machault,Seine-et-Marne,77,584
77185,Maison-Rouge,Seine-et-Marne,77,652
77186,Maisoncelles-en-Brie,Seine-et-Marne,77,15583
77187,Maisoncelles-en-Gâtinais,Seine-et-Marne,77,576
77188,Marolles-en-Brie,Seine-et-Marne,77,1025
77189,Marolles-sur-Seine,Seine-et-Marne,77,
77190,Mary-sur-Marne,Seine-et-Marne,77,256
77191,Marles-en-Brie,Seine-et-Marne,77,1109
77192,Mauperthuis,Seine-et-Marne,77,5994
77193,Meaux,Seine-et-Marne,77,238
77194,Meigneux,Seine-et-Marne,77,443
77195,Melun,Seine-et-Marne,77,655
77196,Ménécy,Seine-et-Marne,77,948
77197,Mercy,Seine-et-Marne,77,173
77198,Merry-sur-Yonne,Seine-et-Marne,77,230
77199,Messy,Seine-et-Marne,77,1370
77200,Misy-sur-Yonne,Seine-et-Marne,77,123
77201,Mitry-Mory,Seine-et-Marne,77,741
77202,Moigny-sur-École,Seine-et-Marne,77,840
77203,Moisenay,Seine-et-Marne,77,1352
77204,Moissy-Cramayel,Seine-et-Marne,77,201
77205,Mondreville,Seine-et-Marne,77,145
77206,Montceaux-lès-Meaux,Seine-et-Marne,77,188
77207,Montceaux-lès-Provins,Seine-et-Marne,77,166
77208,Montévrain,Seine-et-Marne,77,1299
77209,Monthyon,Seine-et-Marne,77,1177
77210,Montigny-le-Guesdier,Seine-et-Marne,77,2893
77211,Montigny-lès-Cormeilles,Seine-et-Marne,77,1009
77212,Montigny-sur-Loing,Seine-et-Marne,77,156
77213,Montmachoux,Seine-et-Marne,77,
77214,Montolivet,Seine-et-Marne,77,807
77215,Montry,Seine-et-Marne,77,8825
77216,Moret-Loing-et-Orvanne,Seine-et-Marne,77,1432
77217,Mortery,Seine-et-Marne,77,2948
77218,La Motte,Seine-et-Marne,77,123
77219,Mouchy,Seine-et-Marne,77,2688
77220,Mouroux,Seine-et-Marne,77,268
77221,Nandy,Seine-et-Marne,77,1153
77222,Nanteuil-lès-Meaux,Seine-et-Marne,77,4448
77223,Nanteuil-sur-Marne,Seine-et-Marne,77,559
77224,Nangis,Seine-et-Marne,77,253
77225,Neufmoutiers-en-Brie,Seine-et-Marne,77,352
77226,Noisiel,Seine-et-Marne,77,2507
77227,Nonville,Seine-et-Marne,77,647
77228,Noisy-Rudignon,Seine-et-Marne,77,256
77229,Noisy-sur-École,Seine-et-Marne,77,1731
77230,Noyen-sur-Seine,Seine-et-Marne,77,157
77231,Obsonville,Seine-et-Marne,77,760
77232,Ocquerre,Seine-et-Marne,77,1129
77233,Orly-sur-Morin,Seine-et-Marne,77,618
77234,Ormesson-sur-Marne,Seine-et-Marne,77,647
77235,Ormes,Seine-et-Marne,77,322
77236,Othis,Seine-et-Marne,77,344
77237,Ozoir-la-Ferrière,Seine-et-Marne,77,650
77238,Paley,Seine-et-Marne,77,4221
77239,Pamfou,Seine-et-Marne,77,1630
77240,Panchard,Seine-et-Marne,77,2230
77241,Pecqueuse,Seine-et-Marne,77,2036
77242,Penchard,Seine-et-Marne,77,547
77243,Pecy,Seine-et-Marne,77,21461
77244,La Pépinière,Seine-et-Marne,77,730
77245,Perthes,Seine-et-Marne,77,412
77246,Pézarches,Seine-et-Marne,77,572
77247,Pierre-Levée,Seine-et-Marne,77,464
77248,Plessis-Feu-Aussoux,Seine-et-Marne,77,763
77249,Pontault-Combault,Seine-et-Marne,77,6923
77250,Pontcarré,Seine-et-Marne,77,168
77251,Pommeuse,Seine-et-Marne,77,14017
77252,Pomponne,Seine-et-Marne,77,625
77253,Poigny,Seine-et-Marne,77,352
77254,Préaux,Seine-et-Marne,77,1410
77255,Presles-en-Brie,Seine-et-Marne,77,2226
77256,Pringy,Seine-et-Marne,77,174
77257,Provins,Seine-et-Marne,77,3627
77258,Puisieux,Seine-et-Marne,77,15074
77259,Quincy-Voisins,Seine-et-Marne,77,3152
77260,Quiers,Seine-et-Marne,77,1804
77261,Rampillon,Seine-et-Marne,77,1274
77262,Rebais,Seine-et-Marne,77,491
77263,Réau,Seine-et-Marne,77,229
77264,Recloses,Seine-et-Marne,77,1468
77265,Remauville,Seine-et-Marne,77,1036
77266,Reuil-en-Brie,Seine-et-Marne,77,815
77267,Ris-Orangis,Seine-et-Marne,77,347
77268,La Rochette,Seine-et-Marne,77,9060
77269,Roggenhouse,Seine-et-Marne,77,1828
77270,Roissy-en-Brie,Seine-et-Marne,77,977
77271,Rosoy-en-Multien,Seine-et-Marne,77,141
77272,Rozay-en-Brie,Seine-et-Marne,77,880
77273,Rubelles,Seine-et-Marne,77,659
77274,Rumont,Seine-et-Marne,77,489
77275,Saacy-sur-Marne,Seine-et-Marne,77,152
77276,Sablonnières,Seine-et-Marne,77,3345
77277,Saint-Ange-le-Viel,Seine-et-Marne,77,1898
77278,Saint-Augustin,Seine-et-Marne,77,412
77279,Saint-Barthélemy,Seine-et-Marne,77,1774
77280,Saint-Brice,Seine-et-Marne,77,1155
77281,Saint-Chéron,Seine-et-Marne,77,495
77282,Saint-Cyr-sur-Morin,Seine-et-Marne,77,341
77283,Saint-Denis-les-Rebais,Seine-et-Marne,77,877
77284,Saint-Fargeau-Ponthierry,Seine-et-Marne,77,56905
77285,Saint-Germain-Laval,Seine-et-Marne,77,19527
77286,Saint-Germain-Laxis,Seine-et-Marne,77,236
77287,Saint-Germain-sous-Doue,Seine-et-Marne,77,504
77288,Saint-Germain-sur-École,Seine-et-Marne,77,45995
77289,Saint-Ghislain,Seine-et-Marne,77,345
77290,Saint-Hilliers,Seine-et-Marne,77,679
77291,Saint-Jean-les-Deux-Jumeaux,Seine-et-Marne,77,992
77292,Saint-Just-en-Brie,Seine-et-Marne,77,1219
77293,Saint-Léger,Seine-et-Marne,77,834
77294,Saint-Loup-de-Naud,Seine-et-Marne,77,20456
77295,Saint-Mammès,Seine-et-Marne,77,1362
77296,Saint-Mars-de-Locquenay,Seine-et-Marne,77,18511
77297,Saint-Mars-Vieux-Maisons,Seine-et-Marne,77,334
77298,Saint-Martin-des-Champs,Seine-et-Marne,77,454
77299,Saint-Martin-du-Boschet,Seine-et-Marne,77,
77300,Saint-Mard,Seine-et-Marne,77,669
77301,Saint-Méry,Seine-et-Marne,77,320
77302,Saint-Mesmes,Seine-et-Marne,77,1891
77303,Saint-Nicolas-la-Chapelle,Seine-et-Marne,77,235
77304,Saint-Ouen-en-Brie,Seine-et-Marne,77,34
77305,Saint-Pathus,Seine-et-Marne,77,22279
77306,Saint-Pierre-lès-Nemours,Seine-et-Marne,77,499
77307,Saint-Sauveur-lès-Bray,Seine-et-Marne,77,15687
77308,Saint-Siméon,Seine-et-Marne,77,717
77309,Saint-Soupplets,Seine-et-Marne,77,1756
77310,Salins,Seine-et-Marne,77,295
77311,Sammeron,Seine-et-Marne,77,1358
77312,Samois-sur-Seine,Seine-et-Marne,77,2669
77313,Samoreau,Seine-et-Marne,77,213
77314,Savigny-le-Temple,Seine-et-Marne,77,257
77315,Seine-Port,Seine-et-Marne,77,3945
77316,Sept-Sorts,Seine-et-Marne,77,12810
77317,Serris,Seine-et-Marne,77,5282
77318,Servon,Seine-et-Marne,77,1400
77319,Sivry-Courtry,Seine-et-Marne,77,137
77320,Sognolles-en-Montois,Seine-et-Marne,77,5810
77321,Solers,Seine-et-Marne,77,682
77322,Souppes-sur-Loing,Seine-et-Marne,77,3253
77323,Sourdun,Seine-et-Marne,77,1469
77324,Tancrou,Seine-et-Marne,77,
77325,Thoury-Férottes,Seine-et-Marne,77,353
77326,Thomery,Seine-et-Marne,77,6350
77327,Thorigny-sur-Marne,Seine-et-Marne,77,8867
77328,Torcy,Seine-et-Marne,77,414
77329,Touquin,Seine-et-Marne,77,702
77330,Tournan-en-Brie,Seine-et-Marne,77,7308
77331,Tresmes,Seine-et-Marne,77,406
77332,Trilbardou,Seine-et-Marne,77,302
77333,Trilport,Seine-et-Marne,77,12889
77334,Ury,Seine-et-Marne,77,
77335,Ussy-sur-Marne,Seine-et-Marne,77,3784
77336,Vaires-sur-Marne,Seine-et-Marne,77,1338
77337,Valence-en-Brie,Seine-et-Marne,77,16053
77338,Varreddes,Seine-et-Marne,77,580
77339,Vaux-le-Pénil,Seine-et-Marne,77,1797
77340,Vaux-sur-Lunain,Seine-et-Marne,77,591
77341,Vendrest,Seine-et-Marne,77,369
77342,Veneux-les-Sablons,Seine-et-Marne,77,126
77343,Vernou-la-Celle-sur-Seine,Seine-et-Marne,77,378
77344,Vert-Saint-Denis,Seine-et-Marne,77,2496
77345,Vieux-Champagne,Seine-et-Marne,77,656
77346,Villeneuve-le-Comte,Seine-et-Marne,77,
77347,Villeneuve-les-Bordes,Seine-et-Marne,77,864
77348,Villeneuve-Saint-Denis,Seine-et-Marne,77,242
77349,Villeneuve-sous-Dammartin,Seine-et-Marne,77,6717
77350,Villeparisis,Seine-et-Marne,77,21238
77351,Villeroy,Seine-et-Marne,77,
77352,Villevaudé,Seine-et-Marne,77,2050
77353,Villiers-en-Bière,Seine-et-Marne,77,483
77354,Villiers-Saint-Georges,Seine-et-Marne,77,983
77355,Villiers-sous-Grez,Seine-et-Marne,77,187
77356,Villiers-sur-Morin,Seine-et-Marne,77,49
77357,Villiers-sur-Seine,Seine-et-Marne,77,849
77358,Vimpelles,Seine-et-Marne,77,1373
77359,Vinantes,Seine-et-Marne,77,2073
77360,Vincy-Manœuvre,Seine-et-Marne,77,410
77361,Vivy,Seine-et-Marne,77,480
77362,Voinsles,Seine-et-Marne,77,
77363,Voulangis,Seine-et-Marne,77,1530
77364,Voulton,Seine-et-Marne,77,261
77365,Vaux-sur-Étampes,Seine-et-Marne,77,597
77366,Yèbles,Seine-et-Marne,77,291
77367,Ozouer-le-Voulgis,Seine-et-Marne,77,305
77368,Saintry-sur-Seine,Seine-et-Marne,77,501
77369,La Queue-en-Brie,Seine-et-Marne,77,797
77370,Lumigny-Nesles-Ormeaux,Seine-et-Marne,77,825
77371,Chevry-Cossigny,Seine-et-Marne,77,3049
77372,Villeneuve-en-Verdunois,Seine-et-Marne,77,4215
77373,Moret-Loing-et-Orvanne,Seine-et-Marne,77,39096
77374,Réau,Seine-et-Marne,77,2136
77375,Plessis-Saint-Benoist,Seine-et-Marne,77,
77376,Bréau,Seine-et-Marne,77,747
77377,Ozouer-le-Voulgis,Seine-et-Marne,77,2369
78003,Ablis,Yvelines,78,3913
78005,Achères,Yvelines,78,22241
78007,Adainville,Yvelines,78,1075
78009,Les Alluets-le-Roi,Yvelines,78,281
78015,Andrésy,Yvelines,78,13834
78017,Arnouville-lès-Mantes,Yvelines,78,
78018,Aubergenville,Yvelines,78,
78019,Aufargis,Yvelines,78,
78020,Auffargis,Yvelines,78,951
78021,Aulnay-sur-Mauldre,Yvelines,78,
78023,Bailly,Yvelines,78,
78029,Bazainville,Yvelines,78,12723
78030,Béhoust,Yvelines,78,1963
78031,Bennecourt,Yvelines,78,671
78032,Beynes,Yvelines,78,
78033,Boissy-mauvoisin,Yvelines,78,1180
78034,Boissy-sans-Avoir,Yvelines,78,1020
78036,Bonnelles,Yvelines,78,665
78037,Bonnieres-sur-Seine,Yvelines,78,
78040,Bouafle,Yvelines,78,
78041,Bougival,Yvelines,78,
78046,Bréval,Yvelines,78,
78048,Buchelay,Yvelines,78,1469
78049,Les Bréviaires,Yvelines,78,1727
78053,Carrières-sous-Poissy,Yvelines,78,533
78054,Carrières-sur-Seine,Yvelines,78,
78055,La Celle-les-Bordes,Yvelines,78,
78056,La Celle-Saint-Cloud,Yvelines,78,
78057,Cernay-la-Ville,Yvelines,78,1747
78058,Châteaufort,Yvelines,78,
78060,Chatou,Yvelines,78,
78062,Chaufour-lès-Bonnières,Yvelines,78,7704
78063,Chavenay,Yvelines,78,
78064,Chèvremont,Yvelines,78,
78065,Les Clayes-sous-Bois,Yvelines,78,
78068,Coignières,Yvelines,78,907
78069,Conflans-Sainte-Honorine,Yvelines,78,
78071,Crespières,Yvelines,78,597
78072,Croissy-sur-Seine,Yvelines,78,243
78074,Dampierre-en-Yvelines,Yvelines,78,
78077,Drocourt,Yvelines,78,747
78079,Écquevilly,Yvelines,78,
78081,Élancourt,Yvelines,78,
78083,Épône,Yvelines,78,
78085,Évecquemont,Yvelines,78,
78089,Feucherolles,Yvelines,78,5064
78092,Flacourt,Yvelines,78,9134
78093,Flexanville,Yvelines,78,
78094,Follainville-Dennemont,Yvelines,78,
78096,Fontenay-le-Fleury,Yvelines,78,506
78097,Fontenay-Mauvoisin,Yvelines,78,
78098,Fontenay-Saint-Père,Yvelines,78,
78099,Les Fossés-Matrangis,Yvelines,78,
78104,Freneuse,Yvelines,78,764
78105,Gaillon-sur-Montcient,Yvelines,78,
78107,Galluis,Yvelines,78,2151
78108,Gambais,Yvelines,78,1302
78109,Gambaiseuil,Yvelines,78,
78111,Garancières,Yvelines,78,
78113,Le Garde,Yvelines,78,652
78116,Gazeran,Yvelines,78,
78117,Gommecourt,Yvelines,78,5816
78118,Goupillières,Yvelines,78,3360
78119,Goussainville,Yvelines,78,
78121,Grosrouvre,Yvelines,78,
78122,Guernes,Yvelines,78,
78123,Guerville,Yvelines,78,20825
78124,Guitrancourt,Yvelines,78,14791
78125,Guyancourt,Yvelines,78,840
78127,Hardricourt,Yvelines,78,
78128,Hargeville,Yvelines,78,1516
78131,L'Hautil,Yvelines,78,
78133,Houdan,Yvelines,78,5847
78135,Houilles,Yvelines,78,
78138,Issou,Yvelines,78,10861
78143,Jambville,Yvelines,78,1564
78144,Jouars-Pontchartrain,Yvelines,78,
78145,Jouy-en-Josas,Yvelines,78,
78146,Jouy-Mauvoisin,Yvelines,78,30598
78147,Juziers,Yvelines,78,442
78149,Lainville-en-Vexin,Yvelines,78,
78152,Lévis-Saint-Nom,Yvelines,78,1723
78154,Limay,Yvelines,78,
78155,Limetz-Villez,Yvelines,78,
78156,Lommoye,Yvelines,78,
78158,Longnes,Yvelines,78,30689
78159,Longuesse,Yvelines,78,
78160,Longvilliers,Yvelines,78,5502
78161,La Loupe,Yvelines,78,
78163,Louveciennes,Yvelines,78,373
78164,Lucé,Yvelines,78,850
78166,Magnanville,Yvelines,78,
78167,Magny-les-Hameaux,Yvelines,78,
78168,Mantes-la-Jolie,Yvelines,78,4321
78169,Mantes-la-Ville,Yvelines,78,
78172,Mareil-le-Guyon,Yvelines,78,36958
78173,Mareil-Marly,Yvelines,78,
78174,Mareil-sur-Mauldre,Yvelines,78,
78176,Marly-le-Roi,Yvelines,78,
78177,Maule,Yvelines,78,
78178,Maurecourt,Yvelines,78,
78179,Maurepas,Yvelines,78,
78183,Médan,Yvelines,78,
78184,Méré,Yvelines,78,
78185,Mézières-sur-Seine,Yvelines,78,414
78186,Mézy-sur-Seine,Yvelines,78,
78188,Millemont,Yvelines,78,438
78189,Milly-la-Forêt,Yvelines,78,1719
78191,Mittainville,Yvelines,78,
78192,Moisson,Yvelines,78,1441
78193,Mondreville,Yvelines,78,1008
78195,Montainville,Yvelines,78,
78196,Montalet-le-Bois,Yvelines,78,295
78197,Montchauvet,Yvelines,78,
78198,Montesson,Yvelines,78,
78199,Montfort-l'Amaury,Yvelines,78,
78200,Montigny-le-Bretonneux,Yvelines,78,
78203,Morainvilliers,Yvelines,78,
78206,Mousseaux-sur-Seine,Yvelines,78,4279
78207,Mézières-sur-Seine,Yvelines,78,
78208,Nézel,Yvelines,78,26365
78209,Noiseau,Yvelines,78,872
78213,Noisy-le-Roi,Yvelines,78,
78214,Notre-Dame-de-la-Mer,Yvelines,78,
78216,Orcemont,Yvelines,78,
78217,Orgerus,Yvelines,78,7031
78218,Orgeval,Yvelines,78,
78219,Orphin,Yvelines,78,
78220,Orsonville,Yvelines,78,6831
78221,Orvilliers,Yvelines,78,
78222,Osmoy,Yvelines,78,
78224,Paray-Douaville,Yvelines,78,5157
78228,Le Pecq,Yvelines,78,
78229,Perdreauville,Yvelines,78,
78230,Le Perray-en-Yvelines,Yvelines,78,609
78233,Plaisir,Yvelines,78,3043
78235,Les Alluets-le-Roi,Yvelines,78,
78238,Poissy,Yvelines,78,2447
78239,Ponthévrard,Yvelines,78,2184
78240,Port-Villez,Yvelines,78,
78247,Pourrain,Yvelines,78,
78248,Prunay-le-Temple,Yvelines,78,
78250,Prunay-en-Yvelines,Yvelines,78,
78251,Pusignan,Yvelines,78,
78253,Raizeux,Yvelines,78,
78255,Rambouillet,Yvelines,78,4505
78257,Richebourg,Yvelines,78,
78260,Rolleboise,Yvelines,78,
78262,Rosay,Yvelines,78,1298
78264,Rambouillet,Yvelines,78,64
78269,Saint-Arnoult-en-Yvelines,Yvelines,78,1492
78270,Saint-Cyr-l'École,Yvelines,78,
78271,Saint-Forget,Yvelines,78,
78272,Saint-Germain-de-la-Grange,Yvelines,78,
78274,Saint-Germain-en-Laye,Yvelines,78,
78275,Saint-Hilarion,Yvelines,78,
78276,Saint-Illiers-la-Ville,Yvelines,78,613
78277,Saint-Illiers-le-Bois,Yvelines,78,
78278,Saint-Lambert,Yvelines,78,570
78279,Saint-Léger-en-Yvelines,Yvelines,78,
78280,Saint-Martin-de-Bréthencourt,Yvelines,78,
78281,Saint-Martin-des-Champs,Yvelines,78,650
78282,Saint-Martin-la-Garenne,Yvelines,78,
78283,Saint-Nom-la-Bretèche,Yvelines,78,300
78284,Saint-Rémy-l'Honoré,Yvelines,78,
78285,Saint-Rémy-lès-Chevreuse,Yvelines,78,533
78286,Sainville,Yvelines,78,
78287,Saulx-Marchais,Yvelines,78,
78289,Sartrouville,Yvelines,78,902
78290,Saulx-les-Chartreux,Yvelines,78,1085
78291,Gazeran,Yvelines,78,2052
78292,Septeuil,Yvelines,78,
78294,Sonchamp,Yvelines,78,
78295,Soindres,Yvelines,78,
78297,Tacoignières,Yvelines,78,29778
78298,Thoiry,Yvelines,78,
78299,Thiverval-Grignon,Yvelines,78,2599
78300,Tillières,Yvelines,78,418
78301,Toussus-le-Noble,Yvelines,78,
78302,Trappes,Yvelines,78,157
78306,Tremblay-sur-Mauldre,Yvelines,78,
78307,Tricot,Yvelines,78,1007
78308,Trossy,Yvelines,78,
78309,Les Ulis,Yvelines,78,
78311,Us,Yvelines,78,33983
78312,Vaux-sur-Seine,Yvelines,78,
78313,Vélizy-Villacoublay,Yvelines,78,
78314,Verneuil-sur-Seine,Yvelines,78,4060
78316,Vernouillet,Yvelines,78,
78317,La Verrière,Yvelines,78,793
78318,Versailles,Yvelines,78,
78319,Vert,Yvelines,78,
78320,Vieille-Église-en-Yvelines,Yvelines,78,742
78321,Les Vieilles-Maisons-sur-Joudry,Yvelines,78,6039
78322,Le Vésinet,Yvelines,78,7981
78323,Vicq,Yvelines,78,
78324,Villecresnes,Yvelines,78,554
78325,Villepreux,Yvelines,78,638
78327,Villiers-le-Mahieu,Yvelines,78,4065
78328,Villiers-Saint-Frédéric,Yvelines,78,
78330,Viroflay,Yvelines,78,
78332,Voisins-le-Bretonneux,Yvelines,78,
78334,Wissous,Yvelines,78,1603
78336,Yvelines,Yvelines,78,
78339,Beynes,Yvelines,78,
78340,Drocourt,Yvelines,78,
91001,Abbéville-la-Rivière,Essonne,91,322
91002,Angerville,Essonne,91,
91003,Arpajon,Essonne,91,
91004,Arrancourt,Essonne,91,
91021,Athis-Mons,Essonne,91,11698
91022,Authon-la-Plaine,Essonne,91,115
91023,Auvernaux,Essonne,91,
91024,Auvers-Saint-Georges,Essonne,91,
91025,Avrainville,Essonne,91,
91026,Ballainvilliers,Essonne,91,
91027,Ballancourt-sur-Essonne,Essonne,91,36613
91030,Baulne,Essonne,91,
91037,Bièvres,Essonne,91,332
91038,Boissy-la-Rivière,Essonne,91,1223
91039,Boissy-le-Cutté,Essonne,91,
91040,Boissy-le-Sec,Essonne,91,
91041,Boissy-sous-Saint-Yon,Essonne,91,1052
91044,Bouray-sur-Juine,Essonne,91,4904
91045,Boussy-Saint-Antoine,Essonne,91,8191
91047,Boutervilliers,Essonne,91,1448
91048,Boutigny-sur-Essonne,Essonne,91,
91049,Bouville,Essonne,91,
91051,Brétigny-sur-Orge,Essonne,91,
91052,Breuillet,Essonne,91,
91053,Breux-Jouy,Essonne,91,
91054,Briis-sous-Forges,Essonne,91,
91056,Brunoy,Essonne,91,
91057,Bruyères-le-Châtel,Essonne,91,
91058,Buno-Bonnevaux,Essonne,91,
91059,Bures-sur-Yvette,Essonne,91,
91060,Cerny,Essonne,91,
91064,Chamarande,Essonne,91,4686
91065,Champcueil,Essonne,91,
91066,Cheptainville,Essonne,91,
91067,Chilly-Mazarin,Essonne,91,111
91070,Courcouronnes,Essonne,91,
91071,Courson-Monteloup,Essonne,91,
91072,Crosne,Essonne,91,
91073,Corbeil-Essonnes,Essonne,91,
91075,D'Huison-Longueville,Essonne,91,81
91078,Dourdan,Essonne,91,
91079,Draveil,Essonne,91,550
91081,Égly,Essonne,91,690
91082,Épinay-sous-Sénart,Essonne,91,
91084,Étampes,Essonne,91,
91085,Évry-Courcouronnes,Essonne,91,3882
91086,Fermaincourt,Essonne,91,10767
91088,Fontenay-le-Vicomte,Essonne,91,
91089,La Ferté-Alais,Essonne,91,
91090,Forges-les-Bains,Essonne,91,
91091,Gif-sur-Yvette,Essonne,91,
91092,Gometz-la-Ville,Essonne,91,
91093,Gometz-le-Châtel,Essonne,91,624
91097,Grigny,Essonne,91,8097
91098,Guibeville,Essonne,91,429
91099,Guillerval,Essonne,91,3146
91103,Igny,Essonne,91,26658
91104,Itteville,Essonne,91,
91106,Janvry,Essonne,91,1285
91109,Juvisy-sur-Orge,Essonne,91,1186
91112,Lardy,Essonne,91,134
91113,Leudeville,Essonne,91,
91114,Limours,Essonne,91,25643
91115,Linas,Essonne,91,3788
91116,Lisses,Essonne,91,
91117,Longjumeau,Essonne,91,
91118,Longpont-sur-Orge,Essonne,91,
91119,Les Loges-en-Josas,Essonne,91,
91121,Louville-la-Chenard,Essonne,91,527
91122,Marolles-en-Beauce,Essonne,91,9548
91123,Marolles-en-Hurepoix,Essonne,91,
91124,Marcoussis,Essonne,91,
91125,Mauchamps,Essonne,91,
91126,Méréville,Essonne,91,
91128,Milly-la-Forêt,Essonne,91,
91129,Moigny-sur-École,Essonne,91,3531
91130,Mons,Essonne,91,1053
91131,Montlhéry,Essonne,91,373
91132,Morigny-Champigny,Essonne,91,1089
91133,Morsang-sur-Orge,Essonne,91,
91134,Morsang-sur-Seine,Essonne,91,
91135,Nainville-les-Roches,Essonne,91,2854
91137,Nozay,Essonne,91,356
91138,Ollainville,Essonne,91,
91139,Oncy-sur-École,Essonne,91,
91141,Orsay,Essonne,91,
91143,Vert-le-Grand,Essonne,91,
91144,Palaiseau,Essonne,91,
91145,Paray-Vieille-Poste,Essonne,91,72
91146,Plessis-Pâté,Essonne,91,
91147,La Norville,Essonne,91,
91149,Pringy,Essonne,91,
91150,Pussay,Essonne,91,
91154,Richarville,Essonne,91,
91155,Roinville,Essonne,91,
91156,Roinvilliers,Essonne,91,2204
91157,Ris-Orangis,Essonne,91,
91158,La Rochette,Essonne,91,
91159,Saclas,Essonne,91,1550
91160,Saclay,Essonne,91,
91161,Saint-Aubin,Essonne,91,20443
91162,Saint-Chéron,Essonne,91,
91163,Saint-Cyr-sous-Dourdan,Essonne,91,
91164,Saint-Cyr-la-Rivière,Essonne,91,
91165,Saint-Escobille,Essonne,91,
91166,Saint-Germain-lès-Arpajon,Essonne,91,
91167,Saint-Germain-lès-Corbeil,Essonne,91,
91168,Saint-Hilaire,Essonne,91,
91169,Saint-Jean-de-Beauregard,Essonne,91,
91172,Saint-Maurice-Montcouronne,Essonne,91,
91173,Saint-Michel-sur-Orge,Essonne,91,
91174,Saint-Pierre-du-Perray,Essonne,91,54471
91175,Saint-Sulpice-de-Favières,Essonne,91,1640
91176,Saint-Yon,Essonne,91,
91177,Sainte-Geneviève-des-Bois,Essonne,91,
91178,Saintry-sur-Seine,Essonne,91,
91179,Saulx-les-Chartreux,Essonne,91,4801
91180,Savigny-sur-Orge,Essonne,91,348
91181,Sermaise,Essonne,91,
91182,Soisy-sur-École,Essonne,91,
91183,Soisy-sur-Seine,Essonne,91,
91184,Soisy-sous-Montmorency,Essonne,91,276
91186,Souzy-la-Briche,Essonne,91,563
91187,Tigery,Essonne,91,
91188,Torfou,Essonne,91,
91190,Varennes-Jarcy,Essonne,91,
91192,Vayres-sur-Essonne,Essonne,91,
91193,Verrières-le-Buisson,Essonne,91,
91194,Vert-le-Petit,Essonne,91,
91195,Videlles,Essonne,91,865
91197,Vigneux-sur-Seine,Essonne,91,
91200,Villabé,Essonne,91,11415
91201,La Ville-du-Bois,Essonne,91,30098
91202,Villebon-sur-Yvette,Essonne,91,
91203,Villeconin,Essonne,91,
91204,Villemoisson-sur-Orge,Essonne,91,708
91205,Villeneuve-sur-Auvers,Essonne,91,
91206,Villiers-le-Bâcle,Essonne,91,
91208,Villiers-sur-Orge,Essonne,91,
91210,Viry-Châtillon,Essonne,91,
91211,Wissous,Essonne,91,
91212,Yerres,Essonne,91,
92002,Antony,Hauts-de-Seine,92,64263
92004,Asnières-sur-Seine,Hauts-de-Seine,92,93941
92007,Bagneux,Hauts-de-Seine,92,44572
92009,Bois-Colombes,Hauts-de-Seine,92,28909
92012,Boulogne-Billancourt,Hauts-de-Seine,92,119019
92014,Bourg-la-Reine,Hauts-de-Seine,92,21019
92019,Châtenay-Malabry,Hauts-de-Seine,92,35825
92020,Châtillon,Hauts-de-Seine,92,36705
92022,Chaville,Hauts-de-Seine,92,20594
92023,Clamart,Hauts-de-Seine,92,58576
92024,Clichy,Hauts-de-Seine,92,64410
92025,Colombes,Hauts-de-Seine,92,91053
92026,Courbevoie,Hauts-de-Seine,92,82902
92032,Fontenay-aux-Roses,Hauts-de-Seine,92,24070
92033,Garches,Hauts-de-Seine,92,17743
92035,La Garenne-Colombes,Hauts-de-Seine,92,30197
92036,Gennevilliers,Hauts-de-Seine,92,50979
92040,Issy-les-Moulineaux,Hauts-de-Seine,92,67669
92044,Levallois-Perret,Hauts-de-Seine,92,68092
92046,Malakoff,Hauts-de-Seine,92,30557
92047,Marnes-la-Coquette,Hauts-de-Seine,92,1752
92048,Meudon,Hauts-de-Seine,92,46334
92049,Montrouge,Hauts-de-Seine,92,46324
92050,Nanterre,Hauts-de-Seine,92,97783
92051,Neuilly-sur-Seine,Hauts-de-Seine,92,59538
92060,Le Plessis-Robinson,Hauts-de-Seine,92,28848
92062,Puteaux,Hauts-de-Seine,92,44002
92063,Rueil-Malmaison,Hauts-de-Seine,92,82874
92064,Saint-Cloud,Hauts-de-Seine,92,29855
92071,Sceaux,Hauts-de-Seine,92,20884
92072,Sèvres,Hauts-de-Seine,92,22303
92073,Suresnes,Hauts-de-Seine,92,48956
92074,Triell-sur-Seine,Hauts-de-Seine,92,
92075,Vanves,Hauts-de-Seine,92,28622
92076,Vaucresson,Hauts-de-Seine,92,8432
92077,Ville-d'Avray,Hauts-de-Seine,92,11089
92078,Villeneuve-la-Garenne,Hauts-de-Seine,92,26021
93001,Aubervilliers,Seine-Saint-Denis,93,88365
93005,Aulnay-sous-Bois,Seine-Saint-Denis,93,87599
93006,Bagnolet,Seine-Saint-Denis,93,43086
93007,Le Blanc-Mesnil,Seine-Saint-Denis,93,62376
93008,Bobigny,Seine-Saint-Denis,93,56927
93010,Bondy,Seine-Saint-Denis,93,50595
93011,Le Bourget,Seine-Saint-Denis,93,
93012,Clichy-sous-Bois,Seine-Saint-Denis,93,
93013,Coubron,Seine-Saint-Denis,93,15925
93014,La Courneuve,Seine-Saint-Denis,93,29354
93015,Drancy,Seine-Saint-Denis,93,5175
93016,Dugny,Seine-Saint-Denis,93,
93017,Épinay-sur-Seine,Seine-Saint-Denis,93,
93018,Les Pavillons-sous-Bois,Seine-Saint-Denis,93,
93019,Gagny,Seine-Saint-Denis,93,
93020,Gournay-sur-Marne,Seine-Saint-Denis,93,
93021,L'Île-Saint-Denis,Seine-Saint-Denis,93,
93022,Les Lilas,Seine-Saint-Denis,93,
93023,Livry-Gargan,Seine-Saint-Denis,93,
93024,Montfermeil,Seine-Saint-Denis,93,
93025,Montreuil,Seine-Saint-Denis,93,
93026,Montmagny,Seine-Saint-Denis,93,
93027,Neuilly-Plaisance,Seine-Saint-Denis,93,47167
93028,Neuilly-sur-Marne,Seine-Saint-Denis,93,
93029,Noisy-le-Grand,Seine-Saint-Denis,93,72390
93030,Noisy-le-Sec,Seine-Saint-Denis,93,11700
93031,Pantin,Seine-Saint-Denis,93,52833
93032,Les Pavillons-sous-Bois,Seine-Saint-Denis,93,42313
93033,Pierrefitte-sur-Seine,Seine-Saint-Denis,93,7320
93034,Le Raincy,Seine-Saint-Denis,93,
93035,Romainville,Seine-Saint-Denis,93,
93036,Rosny-sous-Bois,Seine-Saint-Denis,93,
93037,Saint-Denis,Seine-Saint-Denis,93,
93038,Saint-Ouen-sur-Seine,Seine-Saint-Denis,93,
93039,Sevran,Seine-Saint-Denis,93,8696
93040,Stains,Seine-Saint-Denis,93,
93041,Tremblay-en-France,Seine-Saint-Denis,93,
93042,Vaujours,Seine-Saint-Denis,93,
93043,Villemomble,Seine-Saint-Denis,93,
93044,Villepinte,Seine-Saint-Denis,93,
93045,Villetaneuse,Seine-Saint-Denis,93,23843
94001,Ablon-sur-Seine,Val-de-Marne,94,5988
94002,Alfortville,Val-de-Marne,94,45531
94003,Arcueil,Val-de-Marne,94,22200
94004,Boissy-Saint-Léger,Val-de-Marne,94,17325
94005,Bonneuil-sur-Marne,Val-de-Marne,94,
94006,Bry-sur-Marne,Val-de-Marne,94,
94007,Cachan,Val-de-Marne,94,
94008,Charenton-le-Pont,Val-de-Marne,94,
94009,Chennevières-sur-Marne,Val-de-Marne,94,
94010,Chevilly-Larue,Val-de-Marne,94,
94011,Choisy-le-Roi,Val-de-Marne,94,18270
94012,Créteil,Val-de-Marne,94,
94013,Fontenay-sous-Bois,Val-de-Marne,94,
94014,Fresnes,Val-de-Marne,94,
94015,Gentilly,Val-de-Marne,94,18503
94016,L'Haÿ-les-Roses,Val-de-Marne,94,31103
94017,Ivry-sur-Seine,Val-de-Marne,94,78072
94018,Joinville-le-Pont,Val-de-Marne,94,28830
94019,Le Kremlin-Bicêtre,Val-de-Marne,94,18710
94020,Limeil-Brévannes,Val-de-Marne,94,
94021,Maisons-Alfort,Val-de-Marne,94,19826
94023,La Queue-en-Brie,Val-de-Marne,94,
94024,Mandres-les-Roses,Val-de-Marne,94,
94025,Marolles-en-Brie,Val-de-Marne,94,
94026,Noiseau,Val-de-Marne,94,
94027,Nogent-sur-Marne,Val-de-Marne,94,
94028,Orly,Val-de-Marne,94,93397
94029,Ormesson-sur-Marne,Val-de-Marne,94,
94030,Périgny,Val-de-Marne,94,
94031,Le Perreux-sur-Marne,Val-de-Marne,94,
94032,Rungis,Val-de-Marne,94,
94033,Saint-Maur-des-Fossés,Val-de-Marne,94,53757
94034,Saint-Mandé,Val-de-Marne,94,29528
94035,Santeny,Val-de-Marne,94,
94036,Sucy-en-Brie,Val-de-Marne,94,
94037,Thiais,Val-de-Marne,94,19963
94038,Valenton,Val-de-Marne,94,31188
94039,Villejuif,Val-de-Marne,94,
94040,Villeneuve-le-Roi,Val-de-Marne,94,
94041,Villeneuve-Saint-Georges,Val-de-Marne,94,65064
94042,Villiers-sur-Marne,Val-de-Marne,94,20525
94043,Vincennes,Val-de-Marne,94,24110
94044,Vitry-sur-Seine,Val-de-Marne,94,27406
95002,Aincourt,Val-d'Oise,95,1108
95003,Ambleville,Val-d'Oise,95,
95005,Andilly,Val-d'Oise,95,
95007,Argenteuil,Val-d'Oise,95,
95008,Arnouville,Val-d'Oise,95,854
95010,Arronville,Val-d'Oise,95,
95011,Arthies,Val-d'Oise,95,388
95013,Asnieres-sur-Oise,Val-d'Oise,95,
95015,Attainville,Val-d'Oise,95,
95016,Auvers-sur-Oise,Val-d'Oise,95,
95018,Avernes,Val-d'Oise,95,106130
95019,Baillet-en-France,Val-d'Oise,95,15023
95021,Banthelu,Val-d'Oise,95,
95025,Beaumont-sur-Oise,Val-d'Oise,95,
95027,Bernes-sur-Oise,Val-d'Oise,95,
95029,Bessancourt,Val-d'Oise,95,
95030,Béthemont-la-Forêt,Val-d'Oise,95,
95034,Boisemont,Val-d'Oise,95,
95036,Boissy-l'Aillerie,Val-d'Oise,95,
95038,Boran-sur-Oise,Val-d'Oise,95,
95039,Bornel,Val-d'Oise,95,6863
95040,Bougival,Val-d'Oise,95,871
95041,Bouffémont,Val-d'Oise,95,
95044,Bouqueval,Val-d'Oise,95,
95045,Brignancourt,Val-d'Oise,95,
95046,Bray-et-Lû,Val-d'Oise,95,146
95049,Bruyères-sur-Oise,Val-d'Oise,95,
95052,Butry-sur-Oise,Val-d'Oise,95,10232
95054,Cergy,Val-d'Oise,95,224
95055,Chars,Val-d'Oise,95,474
95056,Chaumontel,Val-d'Oise,95,2250
95057,Chaussy,Val-d'Oise,95,
95058,Chennevières-lès-Louvres,Val-d'Oise,95,2684
95059,Cléry-en-Vexin,Val-d'Oise,95,374
95060,Commeny,Val-d'Oise,95,8869
95061,Condécourt,Val-d'Oise,95,435
95062,Courdimanche,Val-d'Oise,95,
95063,Cormeilles-en-Parisis,Val-d'Oise,95,36434
95064,Cormeilles-en-Vexin,Val-d'Oise,95,
95065,Courcelles-sur-Viosne,Val-d'Oise,95,
95068,Deuil-la-Barre,Val-d'Oise,95,
95069,Domont,Val-d'Oise,95,
95071,Écouen,Val-d'Oise,95,
95072,Énery,Val-d'Oise,95,
95074,Épiais-lès-Louvres,Val-d'Oise,95,892
95075,Épiais-Rhus,Val-d'Oise,95,
95076,Épinay-Champlâtreux,Val-d'Oise,95,
95079,Éragny,Val-d'Oise,95,
95080,Ermont,Val-d'Oise,95,
95083,Fontenay-en-Parisis,Val-d'Oise,95,
95086,Fosses,Val-d'Oise,95,
95087,Franconville,Val-d'Oise,95,
95088,Frémécourt,Val-d'Oise,95,1185
95091,Frouville,Val-d'Oise,95,6593
95093,Garges-lès-Gonesse,Val-d'Oise,95,
95098,Gonesse,Val-d'Oise,95,
95100,Goussainville,Val-d'Oise,95,
95101,Grisy-les-Plâtres,Val-d'Oise,95,954
95104,Guiry-en-Vexin,Val-d'Oise,95,
95105,Groslay,Val-d'Oise,95,
95107,Hadancourt-le-Haut-Clocher,Val-d'Oise,95,
95109,Haravilliers,Val-d'Oise,95,
95114,Herblay-sur-Seine,Val-d'Oise,95,
95116,Hodent,Val-d'Oise,95,4921
95119,L'Isle-Adam,Val-d'Oise,95,329
95120,Jagny-sous-Bois,Val-d'Oise,95,2252
95121,Jouy-le-Moutier,Val-d'Oise,95,
95122,Lavilletertre,Val-d'Oise,95,
95124,Le Bellay-en-Vexin,Val-d'Oise,95,
95126,Livilliers,Val-d'Oise,95,
95127,Longuesse,Val-d'Oise,95,70906
95130,Louvres,Val-d'Oise,95,
95131,Labbeville,Val-d'Oise,95,
95133,Maffliers,Val-d'Oise,95,
95134,Magny-en-Vexin,Val-d'Oise,95,5036
95136,Marines,Val-d'Oise,95,
95137,Marly-la-Ville,Val-d'Oise,95,
95138,Mareil-en-France,Val-d'Oise,95,
95141,Maurecourt,Val-d'Oise,95,32
95142,Ménil-Montant,Val-d'Oise,95,2006
95143,Menouville,Val-d'Oise,95,
95144,Menucourt,Val-d'Oise,95,68
95145,Meriel,Val-d'Oise,95,
95146,Méru,Val-d'Oise,95,
95148,Mery-sur-Oise,Val-d'Oise,95,
95150,Le Mesnil-Aubry,Val-d'Oise,95,631
95151,Le Mesnil-en-Thelle,Val-d'Oise,95,297
95153,Moisselles,Val-d'Oise,95,
95155,Montigny-lès-Cormeilles,Val-d'Oise,95,
95157,Montlignon,Val-d'Oise,95,137
95158,Montmagny,Val-d'Oise,95,
95159,Montmorency,Val-d'Oise,95,
95160,Montreuil-sur-Epte,Val-d'Oise,95,
95161,Montsoult,Val-d'Oise,95,
95163,Mours,Val-d'Oise,95,
95164,Moussy,Val-d'Oise,95,
95165,Nerville-la-Forêt,Val-d'Oise,95,
95168,Nesles-la-Vallée,Val-d'Oise,95,
95169,Neuilly-en-Vexin,Val-d'Oise,95,646
95170,Neuville-sur-Oise,Val-d'Oise,95,564
95172,Nointel,Val-d'Oise,95,
95173,Noisy-sur-Oise,Val-d'Oise,95,
95176,Nucourt,Val-d'Oise,95,27292
95177,Oinville-sur-Montcient,Val-d'Oise,95,1297
95178,Omerville,Val-d'Oise,95,
95180,Osny,Val-d'Oise,95,
95182,Parmain,Val-d'Oise,95,
95183,Le Perchay,Val-d'Oise,95,7311
95184,Pierrelaye,Val-d'Oise,95,
95185,Piscop,Val-d'Oise,95,
95187,Le Plessis-Bouchard,Val-d'Oise,95,
95188,Le Plessis-Gassot,Val-d'Oise,95,
95189,Le Plessis-Luzarches,Val-d'Oise,95,
95190,Pontoise,Val-d'Oise,95,
95191,Presles,Val-d'Oise,95,
95192,Puiseux-en-France,Val-d'Oise,95,
95193,Puiseux-Pontoise,Val-d'Oise,95,
95197,Roissy-en-France,Val-d'Oise,95,23099
95199,Ronquerolles,Val-d'Oise,95,16065
95200,Rosny-sur-Seine,Val-d'Oise,95,
95201,Sagy,Val-d'Oise,95,
95202,Saint-Brice-sous-Forêt,Val-d'Oise,95,
95204,Saint-Clair-sur-Epte,Val-d'Oise,95,
95205,Saint-Cyr-en-Arthies,Val-d'Oise,95,7202
95206,Saint-Gervais,Val-d'Oise,95,
95209,Saint-Gratien,Val-d'Oise,95,
95210,Saint-Leu-la-Forêt,Val-d'Oise,95,11432
95211,Saint-Martin-du-Tertre,Val-d'Oise,95,2243
95212,Saint-Ouen-l'Aumône,Val-d'Oise,95,156
95215,Saint-Prix,Val-d'Oise,95,
95216,Sainte-Geneviève-lès-Gasny,Val-d'Oise,95,
95218,Sannois,Val-d'Oise,95,18436
95219,Santeuil,Val-d'Oise,95,29489
95220,Sarcelles,Val-d'Oise,95,
95222,Seraincourt,Val-d'Oise,95,
95223,Seugy,Val-d'Oise,95,
95224,Silly-Tillard,Val-d'Oise,95,
95225,Soisy-sous-Montmorency,Val-d'Oise,95,
95226,Survilliers,Val-d'Oise,95,
95228,Taverny,Val-d'Oise,95,
95229,Théméricourt,Val-d'Oise,95,9858
95232,Theuville,Val-d'Oise,95,
95234,Us,Val-d'Oise,95,
95235,Valmondois,Val-d'Oise,95,
95236,Vallangoujard,Val-d'Oise,95,
95238,Vauréal,Val-d'Oise,95,
95240,Vétheuil,Val-d'Oise,95,
95241,Viarmes,Val-d'Oise,95,2219
95242,Vigny,Val-d'Oise,95,
95243,Villaines-sous-Bois,Val-d'Oise,95,
95244,Villeron,Val-d'Oise,95,
95245,Villers-en-Arthies,Val-d'Oise,95,
95246,Villiers-Adam,Val-d'Oise,95,
95247,Villiers-le-Bel,Val-d'Oise,95,
95249,Villiers-le-Sec,Val-d'Oise,95,
95250,Wy-dit-Joli-Village,Val-d'Oise,95,10570
95252,Cergy,Val-d'Oise,95,37754
95256,Bouffémont,Val-d'Oise,95,3317
95258,Épluches,Val-d'Oise,95,347
95259,Eaubonne,Val-d'Oise,95,
95262,Pierrefitte-sur-Seine,Val-d'Oise,95,
95265,Bezons,Val-d'Oise,95,
95270,Enghien-les-Bains,Val-d'Oise,95,522
95272,Argenteuil,Val-d'Oise,95,
95280,Andilly,Val-d'Oise,95,31301
