code_insee,commune,departement,code_departement
77001,Achères-la-Forêt,Seine-et-Marne,77
77002,Annet-sur-Marne,Seine-et-Marne,77
77003,Arbonne-la-Forêt,Seine-et-Marne,77
77004,Argentières,Seine-et-Marne,77
77005,Aubepierre-Ozouer-le-Repos,Seine-et-Marne,77
77006,Aufferville,Seine-et-Marne,77
77007,Augers-en-Brie,Seine-et-Marne,77
77008,Aulnoy,Seine-et-Marne,77
77009,Avon,Seine-et-Marne,77
77010,Bagneaux-sur-Loing,Seine-et-Marne,77
77011,Bailly-Romainvilliers,Seine-et-Marne,77
77012,Balloy,Seine-et-Marne,77
77013,Bannost-Villegagnon,Seine-et-Marne,77
77014,Barbey,Seine-et-Marne,77
77015,Barbizon,Seine-et-Marne,77
77016,Barcy,Seine-et-Marne,77
77017,Bassevelle,Seine-et-Marne,77
77018,Beauchery-Saint-Martin,Seine-et-Marne,77
77019,Beautheil-Saints,Seine-et-Marne,77
77020,Beauvoir,Seine-et-Marne,77
77021,Bellot,Seine-et-Marne,77
77022,Bernay-Vilbert,Seine-et-Marne,77
77023,Beton-Bazoches,Seine-et-Marne,77
77024,Blennes,Seine-et-Marne,77
77025,Bois-le-Roi,Seine-et-Marne,77
77026,Boisdon,Seine-et-Marne,77
77027,Boissettes,Seine-et-Marne,77
77028,Boissise-la-Bertrand,Seine-et-Marne,77
77029,Boissise-le-Roi,Seine-et-Marne,77
77030,Boissy-aux-Cailles,Seine-et-Marne,77
77031,Boissy-le-Châtel,Seine-et-Marne,77
77032,Bornel,Seine-et-Marne,77
77033,Bouy-Luxembourg,Seine-et-Marne,77
77034,Bransles,Seine-et-Marne,77
77035,Bray-sur-Seine,Seine-et-Marne,77
77036,Bréau,Seine-et-Marne,77
77037,Brie-Comte-Robert,Seine-et-Marne,77
77038,Breau-Mars,Seine-et-Marne,77
77039,La Brosse-Montceaux,Seine-et-Marne,77
77040,Brou-sur-Chantereine,Seine-et-Marne,77
77041,Bulcy,Seine-et-Marne,77
77042,Burcy,Seine-et-Marne,77
77043,Bussières,Seine-et-Marne,77
77044,Bussy-Saint-Georges,Seine-et-Marne,77
77045,Bussy-Saint-Martin,Seine-et-Marne,77
77046,Cailly-sur-Eure,Seine-et-Marne,77
77047,Cannes-Écluse,Seine-et-Marne,77
77048,Carnetin,Seine-et-Marne,77
77049,La Celle-sur-Morin,Seine-et-Marne,77
77050,Cély,Seine-et-Marne,77
77051,Cerneux,Seine-et-Marne,77
77052,Cesson,Seine-et-Marne,77
77053,Chailly-en-Bière,Seine-et-Marne,77
77054,Chailly-en-Brie,Seine-et-Marne,77
77055,Chaintreaux,Seine-et-Marne,77
77056,Chalautre-la-Grande,Seine-et-Marne,77
77057,Chalautre-la-Petite,Seine-et-Marne,77
77058,Chalifert,Seine-et-Marne,77
77059,Chalmaison,Seine-et-Marne,77
77060,Chambry,Seine-et-Marne,77
77061,Chamigny,Seine-et-Marne,77
77062,Champagne-sur-Seine,Seine-et-Marne,77
77063,Champcenest,Seine-et-Marne,77
77064,Changis-sur-Marne,Seine-et-Marne,77
77065,Charly-sur-Marne,Seine-et-Marne,77
77066,Charmentray,Seine-et-Marne,77
77067,Charny,Seine-et-Marne,77
77068,Chartronges,Seine-et-Marne,77
77069,Château-Landon,Seine-et-Marne,77
77070,Châtenay-sur-Seine,Seine-et-Marne,77
77071,Châtillon-la-Borde,Seine-et-Marne,77
77072,Châtres,Seine-et-Marne,77
77073,Chaumes-en-Brie,Seine-et-Marne,77
77074,Chauconin-Neufmontiers,Seine-et-Marne,77
77075,Chelles,Seine-et-Marne,77
77076,Chessy,Seine-et-Marne,77
77077,Chevrainvilliers,Seine-et-Marne,77
77078,Chevru,Seine-et-Marne,77
77079,Chevry-Cossigny,Seine-et-Marne,77
77080,Chevry-en-Sereine,Seine-et-Marne,77
77081,Choisy-en-Brie,Seine-et-Marne,77
77082,Claye-Souilly,Seine-et-Marne,77
77083,Clutots,Seine-et-Marne,77
77084,Cocherel,Seine-et-Marne,77
77085,Collegien,Seine-et-Marne,77
77086,Combs-la-Ville,Seine-et-Marne,77
77087,Compans,Seine-et-Marne,77
77088,Conches-sur-Gondoire,Seine-et-Marne,77
77089,Condé-Sainte-Libiaire,Seine-et-Marne,77
77090,Coulombs-en-Valois,Seine-et-Marne,77
77091,Coulommiers,Seine-et-Marne,77
77092,Coupvray,Seine-et-Marne,77
77093,Courcelles-en-Bassée,Seine-et-Marne,77
77094,Courchamp,Seine-et-Marne,77
77095,Courpalay,Seine-et-Marne,77
77096,Courquetaine,Seine-et-Marne,77
77097,Courtacon,Seine-et-Marne,77
77098,Courtomer,Seine-et-Marne,77
77099,Courtry,Seine-et-Marne,77
77100,Coutencon,Seine-et-Marne,77
77101,Coutevroult,Seine-et-Marne,77
77102,Crécy-la-Chapelle,Seine-et-Marne,77
77103,Crèvecœur-en-Brie,Seine-et-Marne,77
77104,Crisenoy,Seine-et-Marne,77
77105,Croissy-Beaubourg,Seine-et-Marne,77
77106,La Croix-en-Brie,Seine-et-Marne,77
77107,Crouy-sur-Ourcq,Seine-et-Marne,77
77108,Dammarie-les-Lys,Seine-et-Marne,77
77109,Dammartin-en-Goële,Seine-et-Marne,77
77110,Dammartin-sur-Tigeaux,Seine-et-Marne,77
77111,Dampierre,Seine-et-Marne,77
77112,Donnemarie-Dontilly,Seine-et-Marne,77
77113,Dormelles,Seine-et-Marne,77
77114,Égreville,Seine-et-Marne,77
77115,Émerainville,Seine-et-Marne,77
77116,Épisy,Seine-et-Marne,77
77117,Étampes-sur-Marne,Seine-et-Marne,77
77118,Éverly,Seine-et-Marne,77
77119,Évry-Grégy-sur-Yerre,Seine-et-Marne,77
77120,Faremoutiers,Seine-et-Marne,77
77121,Favières,Seine-et-Marne,77
77122,Férolles-Attilly,Seine-et-Marne,77
77123,Fericy,Seine-et-Marne,77
77124,Ferrières-en-Brie,Seine-et-Marne,77
77125,Fontainebleau,Seine-et-Marne,77
77126,Fontains,Seine-et-Marne,77
77127,Fontenailles,Seine-et-Marne,77
77128,Fontenay-Trésigny,Seine-et-Marne,77
77129,Forfry,Seine-et-Marne,77
77130,Forges,Seine-et-Marne,77
77131,Fossoy,Seine-et-Marne,77
77132,Fretoy,Seine-et-Marne,77
77133,Fromont,Seine-et-Marne,77
77134,Garentreville,Seine-et-Marne,77
77135,Gastins,Seine-et-Marne,77
77136,Germigny-l'Évêque,Seine-et-Marne,77
77137,Germigny-sous-Coulombs,Seine-et-Marne,77
77138,Giremoutiers,Seine-et-Marne,77
77139,Gironville,Seine-et-Marne,77
77140,Gouaix,Seine-et-Marne,77
77141,Gouvernes,Seine-et-Marne,77
77142,La Grand-Paroisse,Seine-et-Marne,77
77143,Grandpuits-Bailly-Carrois,Seine-et-Marne,77
77144,Gretz-Armainvilliers,Seine-et-Marne,77
77145,Grez-sur-Loing,Seine-et-Marne,77
77146,Grigy,Seine-et-Marne,77
77147,Grisy-sur-Seine,Seine-et-Marne,77
77148,Guermantes,Seine-et-Marne,77
77149,Guercheville,Seine-et-Marne,77
77150,Gurcy-le-Châtel,Seine-et-Marne,77
77151,Hautefeuille,Seine-et-Marne,77
77152,Herme,Seine-et-Marne,77
77153,Hondevilliers,Seine-et-Marne,77
77154,Houlette,Seine-et-Marne,77
77155,Isles-les-Meldeuses,Seine-et-Marne,77
77156,Isles-sur-Suippe,Seine-et-Marne,77
77157,L'Isle-sur-Marne,Seine-et-Marne,77
77158,Iverny,Seine-et-Marne,77
77159,Jaulnes,Seine-et-Marne,77
77160,Joigny-sur-Meuse,Seine-et-Marne,77
77161,Jouarre,Seine-et-Marne,77
77162,Jouy-le-Châtel,Seine-et-Marne,77
77163,Jouy-sur-Morin,Seine-et-Marne,77
77164,Juilly,Seine-et-Marne,77
77165,Jutigny,Seine-et-Marne,77
77166,Lagny-sur-Marne,Seine-et-Marne,77
77167,Lamorlaye,Seine-et-Marne,77
77168,Larchant,Seine-et-Marne,77
77169,Laval,Seine-et-Marne,77
77170,Lechelle,Seine-et-Marne,77
77171,Leudon-en-Brie,Seine-et-Marne,77
77172,Lieusaint,Seine-et-Marne,77
77173,Limoges-Fourches,Seine-et-Marne,77
77174,Lissy,Seine-et-Marne,77
77175,Livry-sur-Seine,Seine-et-Marne,77
77176,Lizines,Seine-et-Marne,77
77177,Loing,Seine-et-Marne,77
77178,Longueville,Seine-et-Marne,77
77179,Lorrez-le-Bocage-Préaux,Seine-et-Marne,77
77180,Louan-Villegruis-Fontaine,Seine-et-Marne,77
77181,Luisetaines,Seine-et-Marne,77
77182,Lumigny-Nesles-Ormeaux,Seine-et-Marne,77
77183,Luzancy,Seine-et-Marne,77
77184,Machault,Seine-et-Marne,77
77185,Maison-Rouge,Seine-et-Marne,77
77186,Maisoncelles-en-Brie,Seine-et-Marne,77
77187,Maisoncelles-en-Gâtinais,Seine-et-Marne,77
77188,Marolles-en-Brie,Seine-et-Marne,77
77189,Marolles-sur-Seine,Seine-et-Marne,77
77190,Mary-sur-Marne,Seine-et-Marne,77
77191,Marles-en-Brie,Seine-et-Marne,77
77192,Mauperthuis,Seine-et-Marne,77
77193,Meaux,Seine-et-Marne,77
77194,Meigneux,Seine-et-Marne,77
77195,Melun,Seine-et-Marne,77
77196,Ménécy,Seine-et-Marne,77
77197,Mercy,Seine-et-Marne,77
77198,Merry-sur-Yonne,Seine-et-Marne,77
77199,Messy,Seine-et-Marne,77
77200,Misy-sur-Yonne,Seine-et-Marne,77
77201,Mitry-Mory,Seine-et-Marne,77
77202,Moigny-sur-École,Seine-et-Marne,77
77203,Moisenay,Seine-et-Marne,77
77204,Moissy-Cramayel,Seine-et-Marne,77
77205,Mondreville,Seine-et-Marne,77
77206,Montceaux-lès-Meaux,Seine-et-Marne,77
77207,Montceaux-lès-Provins,Seine-et-Marne,77
77208,Montévrain,Seine-et-Marne,77
77209,Monthyon,Seine-et-Marne,77
77210,Montigny-le-Guesdier,Seine-et-Marne,77
77211,Montigny-lès-Cormeilles,Seine-et-Marne,77
77212,Montigny-sur-Loing,Seine-et-Marne,77
77213,Montmachoux,Seine-et-Marne,77
77214,Montolivet,Seine-et-Marne,77
77215,Montry,Seine-et-Marne,77
77216,Moret-Loing-et-Orvanne,Seine-et-Marne,77
77217,Mortery,Seine-et-Marne,77
77218,La Motte,Seine-et-Marne,77
77219,Mouchy,Seine-et-Marne,77
77220,Mouroux,Seine-et-Marne,77
77221,Nandy,Seine-et-Marne,77
77222,Nanteuil-lès-Meaux,Seine-et-Marne,77
77223,Nanteuil-sur-Marne,Seine-et-Marne,77
77224,Nangis,Seine-et-Marne,77
77225,Neufmoutiers-en-Brie,Seine-et-Marne,77
77226,Noisiel,Seine-et-Marne,77
77227,Nonville,Seine-et-Marne,77
77228,Noisy-Rudignon,Seine-et-Marne,77
77229,Noisy-sur-École,Seine-et-Marne,77
77230,Noyen-sur-Seine,Seine-et-Marne,77
77231,Obsonville,Seine-et-Marne,77
77232,Ocquerre,Seine-et-Marne,77
77233,Orly-sur-Morin,Seine-et-Marne,77
77234,Ormesson-sur-Marne,Seine-et-Marne,77
77235,Ormes,Seine-et-Marne,77
77236,Othis,Seine-et-Marne,77
77237,Ozoir-la-Ferrière,Seine-et-Marne,77
77238,Paley,Seine-et-Marne,77
77239,Pamfou,Seine-et-Marne,77
77240,Panchard,Seine-et-Marne,77
77241,Pecqueuse,Seine-et-Marne,77
77242,Penchard,Seine-et-Marne,77
77243,Pecy,Seine-et-Marne,77
77244,La Pépinière,Seine-et-Marne,77
77245,Perthes,Seine-et-Marne,77
77246,Pézarches,Seine-et-Marne,77
77247,Pierre-Levée,Seine-et-Marne,77
77248,Plessis-Feu-Aussoux,Seine-et-Marne,77
77249,Pontault-Combault,Seine-et-Marne,77
77250,Pontcarré,Seine-et-Marne,77
77251,Pommeuse,Seine-et-Marne,77
77252,Pomponne,Seine-et-Marne,77
77253,Poigny,Seine-et-Marne,77
77254,Préaux,Seine-et-Marne,77
77255,Presles-en-Brie,Seine-et-Marne,77
77256,Pringy,Seine-et-Marne,77
77257,Provins,Seine-et-Marne,77
77258,Puisieux,Seine-et-Marne,77
77259,Quincy-Voisins,Seine-et-Marne,77
77260,Quiers,Seine-et-Marne,77
77261,Rampillon,Seine-et-Marne,77
77262,Rebais,Seine-et-Marne,77
77263,Réau,Seine-et-Marne,77
77264,Recloses,Seine-et-Marne,77
77265,Remauville,Seine-et-Marne,77
77266,Reuil-en-Brie,Seine-et-Marne,77
77267,Ris-Orangis,Seine-et-Marne,77
77268,La Rochette,Seine-et-Marne,77
77269,Roggenhouse,Seine-et-Marne,77
77270,Roissy-en-Brie,Seine-et-Marne,77
77271,Rosoy-en-Multien,Seine-et-Marne,77
77272,Rozay-en-Brie,Seine-et-Marne,77
77273,Rubelles,Seine-et-Marne,77
77274,Rumont,Seine-et-Marne,77
77275,Saacy-sur-Marne,Seine-et-Marne,77
77276,Sablonnières,Seine-et-Marne,77
77277,Saint-Ange-le-Viel,Seine-et-Marne,77
77278,Saint-Augustin,Seine-et-Marne,77
77279,Saint-Barthélemy,Seine-et-Marne,77
77280,Saint-Brice,Seine-et-Marne,77
77281,Saint-Chéron,Seine-et-Marne,77
77282,Saint-Cyr-sur-Morin,Seine-et-Marne,77
77283,Saint-Denis-les-Rebais,Seine-et-Marne,77
77284,Saint-Fargeau-Ponthierry,Seine-et-Marne,77
77285,Saint-Germain-Laval,Seine-et-Marne,77
77286,Saint-Germain-Laxis,Seine-et-Marne,77
77287,Saint-Germain-sous-Doue,Seine-et-Marne,77
77288,Saint-Germain-sur-École,Seine-et-Marne,77
77289,Saint-Ghislain,Seine-et-Marne,77
77290,Saint-Hilliers,Seine-et-Marne,77
77291,Saint-Jean-les-Deux-Jumeaux,Seine-et-Marne,77
77292,Saint-Just-en-Brie,Seine-et-Marne,77
77293,Saint-Léger,Seine-et-Marne,77
77294,Saint-Loup-de-Naud,Seine-et-Marne,77
77295,Saint-Mammès,Seine-et-Marne,77
77296,Saint-Mars-de-Locquenay,Seine-et-Marne,77
77297,Saint-Mars-Vieux-Maisons,Seine-et-Marne,77
77298,Saint-Martin-des-Champs,Seine-et-Marne,77
77299,Saint-Martin-du-Boschet,Seine-et-Marne,77
77300,Saint-Mard,Seine-et-Marne,77
77301,Saint-Méry,Seine-et-Marne,77
77302,Saint-Mesmes,Seine-et-Marne,77
77303,Saint-Nicolas-la-Chapelle,Seine-et-Marne,77
77304,Saint-Ouen-en-Brie,Seine-et-Marne,77
77305,Saint-Pathus,Seine-et-Marne,77
77306,Saint-Pierre-lès-Nemours,Seine-et-Marne,77
77307,Saint-Sauveur-lès-Bray,Seine-et-Marne,77
77308,Saint-Siméon,Seine-et-Marne,77
77309,Saint-Soupplets,Seine-et-Marne,77
77310,Salins,Seine-et-Marne,77
77311,Sammeron,Seine-et-Marne,77
77312,Samois-sur-Seine,Seine-et-Marne,77
77313,Samoreau,Seine-et-Marne,77
77314,Savigny-le-Temple,Seine-et-Marne,77
77315,Seine-Port,Seine-et-Marne,77
77316,Sept-Sorts,Seine-et-Marne,77
77317,Serris,Seine-et-Marne,77
77318,Servon,Seine-et-Marne,77
77319,Sivry-Courtry,Seine-et-Marne,77
77320,Sognolles-en-Montois,Seine-et-Marne,77
77321,Solers,Seine-et-Marne,77
77322,Souppes-sur-Loing,Seine-et-Marne,77
77323,Sourdun,Seine-et-Marne,77
77324,Tancrou,Seine-et-Marne,77
77325,Thoury-Férottes,Seine-et-Marne,77
77326,Thomery,Seine-et-Marne,77
77327,Thorigny-sur-Marne,Seine-et-Marne,77
77328,Torcy,Seine-et-Marne,77
77329,Touquin,Seine-et-Marne,77
77330,Tournan-en-Brie,Seine-et-Marne,77
77331,Tresmes,Seine-et-Marne,77
77332,Trilbardou,Seine-et-Marne,77
77333,Trilport,Seine-et-Marne,77
77334,Ury,Seine-et-Marne,77
77335,Ussy-sur-Marne,Seine-et-Marne,77
77336,Vaires-sur-Marne,Seine-et-Marne,77
77337,Valence-en-Brie,Seine-et-Marne,77
77338,Varreddes,Seine-et-Marne,77
77339,Vaux-le-Pénil,Seine-et-Marne,77
77340,Vaux-sur-Lunain,Seine-et-Marne,77
77341,Vendrest,Seine-et-Marne,77
77342,Veneux-les-Sablons,Seine-et-Marne,77
77343,Vernou-la-Celle-sur-Seine,Seine-et-Marne,77
77344,Vert-Saint-Denis,Seine-et-Marne,77
77345,Vieux-Champagne,Seine-et-Marne,77
77346,Villeneuve-le-Comte,Seine-et-Marne,77
77347,Villeneuve-les-Bordes,Seine-et-Marne,77
77348,Villeneuve-Saint-Denis,Seine-et-Marne,77
77349,Villeneuve-sous-Dammartin,Seine-et-Marne,77
77350,Villeparisis,Seine-et-Marne,77
77351,Villeroy,Seine-et-Marne,77
77352,Villevaudé,Seine-et-Marne,77
77353,Villiers-en-Bière,Seine-et-Marne,77
77354,Villiers-Saint-Georges,Seine-et-Marne,77
77355,Villiers-sous-Grez,Seine-et-Marne,77
77356,Villiers-sur-Morin,Seine-et-Marne,77
77357,Villiers-sur-Seine,Seine-et-Marne,77
77358,Vimpelles,Seine-et-Marne,77
77359,Vinantes,Seine-et-Marne,77
77360,Vincy-Manœuvre,Seine-et-Marne,77
77361,Vivy,Seine-et-Marne,77
77362,Voinsles,Seine-et-Marne,77
77363,Voulangis,Seine-et-Marne,77
77364,Voulton,Seine-et-Marne,77
77365,Vaux-sur-Étampes,Seine-et-Marne,77
77366,Yèbles,Seine-et-Marne,77
77367,Ozouer-le-Voulgis,Seine-et-Marne,77
77368,Saintry-sur-Seine,Seine-et-Marne,77
77369,La Queue-en-Brie,Seine-et-Marne,77
77370,Lumigny-Nesles-Ormeaux,Seine-et-Marne,77
77371,Chevry-Cossigny,Seine-et-Marne,77
77372,Villeneuve-en-Verdunois,Seine-et-Marne,77
77373,Moret-Loing-et-Orvanne,Seine-et-Marne,77
77374,Réau,Seine-et-Marne,77
77375,Plessis-Saint-Benoist,Seine-et-Marne,77
77376,Bréau,Seine-et-Marne,77
77377,Ozouer-le-Voulgis,Seine-et-Marne,77
78003,Ablis,Yvelines,78
78005,Achères,Yvelines,78
78007,Adainville,Yvelines,78
78009,Les Alluets-le-Roi,Yvelines,78
78015,Andrésy,Yvelines,78
78017,Arnouville-lès-Mantes,Yvelines,78
78018,Aubergenville,Yvelines,78
78019,Aufargis,Yvelines,78
78020,Auffargis,Yvelines,78
78021,Aulnay-sur-Mauldre,Yvelines,78
78023,Bailly,Yvelines,78
78029,Bazainville,Yvelines,78
78030,Béhoust,Yvelines,78
78031,Bennecourt,Yvelines,78
78032,Beynes,Yvelines,78
78033,Boissy-mauvoisin,Yvelines,78
78034,Boissy-sans-Avoir,Yvelines,78
78036,Bonnelles,Yvelines,78
78037,Bonnieres-sur-Seine,Yvelines,78
78040,Bouafle,Yvelines,78
78041,Bougival,Yvelines,78
78046,Bréval,Yvelines,78
78048,Buchelay,Yvelines,78
78049,Les Bréviaires,Yvelines,78
78053,Carrières-sous-Poissy,Yvelines,78
78054,Carrières-sur-Seine,Yvelines,78
78055,La Celle-les-Bordes,Yvelines,78
78056,La Celle-Saint-Cloud,Yvelines,78
78057,Cernay-la-Ville,Yvelines,78
78058,Châteaufort,Yvelines,78
78060,Chatou,Yvelines,78
78062,Chaufour-lès-Bonnières,Yvelines,78
78063,Chavenay,Yvelines,78
78064,Chèvremont,Yvelines,78
78065,Les Clayes-sous-Bois,Yvelines,78
78068,Coignières,Yvelines,78
78069,Conflans-Sainte-Honorine,Yvelines,78
78071,Crespières,Yvelines,78
78072,Croissy-sur-Seine,Yvelines,78
78074,Dampierre-en-Yvelines,Yvelines,78
78077,Drocourt,Yvelines,78
78079,Écquevilly,Yvelines,78
78081,Élancourt,Yvelines,78
78083,Épône,Yvelines,78
78085,Évecquemont,Yvelines,78
78089,Feucherolles,Yvelines,78
78092,Flacourt,Yvelines,78
78093,Flexanville,Yvelines,78
78094,Follainville-Dennemont,Yvelines,78
78096,Fontenay-le-Fleury,Yvelines,78
78097,Fontenay-Mauvoisin,Yvelines,78
78098,Fontenay-Saint-Père,Yvelines,78
78099,Les Fossés-Matrangis,Yvelines,78
78104,Freneuse,Yvelines,78
78105,Gaillon-sur-Montcient,Yvelines,78
78107,Galluis,Yvelines,78
78108,Gambais,Yvelines,78
78109,Gambaiseuil,Yvelines,78
78111,Garancières,Yvelines,78
78113,Le Garde,Yvelines,78
78116,Gazeran,Yvelines,78
78117,Gommecourt,Yvelines,78
78118,Goupillières,Yvelines,78
78119,Goussainville,Yvelines,78
78121,Grosrouvre,Yvelines,78
78122,Guernes,Yvelines,78
78123,Guerville,Yvelines,78
78124,Guitrancourt,Yvelines,78
78125,Guyancourt,Yvelines,78
78127,Hardricourt,Yvelines,78
78128,Hargeville,Yvelines,78
78131,L'Hautil,Yvelines,78
78133,Houdan,Yvelines,78
78135,Houilles,Yvelines,78
78138,Issou,Yvelines,78
78143,Jambville,Yvelines,78
78144,Jouars-Pontchartrain,Yvelines,78
78145,Jouy-en-Josas,Yvelines,78
78146,Jouy-Mauvoisin,Yvelines,78
78147,Juziers,Yvelines,78
78149,Lainville-en-Vexin,Yvelines,78
78152,Lévis-Saint-Nom,Yvelines,78
78154,Limay,Yvelines,78
78155,Limetz-Villez,Yvelines,78
78156,Lommoye,Yvelines,78
78158,Longnes,Yvelines,78
78159,Longuesse,Yvelines,78
78160,Longvilliers,Yvelines,78
78161,La Loupe,Yvelines,78
78163,Louveciennes,Yvelines,78
78164,Lucé,Yvelines,78
78166,Magnanville,Yvelines,78
78167,Magny-les-Hameaux,Yvelines,78
78168,Mantes-la-Jolie,Yvelines,78
78169,Mantes-la-Ville,Yvelines,78
78172,Mareil-le-Guyon,Yvelines,78
78173,Mareil-Marly,Yvelines,78
78174,Mareil-sur-Mauldre,Yvelines,78
78176,Marly-le-Roi,Yvelines,78
78177,Maule,Yvelines,78
78178,Maurecourt,Yvelines,78
78179,Maurepas,Yvelines,78
78183,Médan,Yvelines,78
78184,Méré,Yvelines,78
78185,Mézières-sur-Seine,Yvelines,78
78186,Mézy-sur-Seine,Yvelines,78
78188,Millemont,Yvelines,78
78189,Milly-la-Forêt,Yvelines,78
78191,Mittainville,Yvelines,78
78192,Moisson,Yvelines,78
78193,Mondreville,Yvelines,78
78195,Montainville,Yvelines,78
78196,Montalet-le-Bois,Yvelines,78
78197,Montchauvet,Yvelines,78
78198,Montesson,Yvelines,78
78199,Montfort-l'Amaury,Yvelines,78
78200,Montigny-le-Bretonneux,Yvelines,78
78203,Morainvilliers,Yvelines,78
78206,Mousseaux-sur-Seine,Yvelines,78
78207,Mézières-sur-Seine,Yvelines,78
78208,Nézel,Yvelines,78
78209,Noiseau,Yvelines,78
78213,Noisy-le-Roi,Yvelines,78
78214,Notre-Dame-de-la-Mer,Yvelines,78
78216,Orcemont,Yvelines,78
78217,Orgerus,Yvelines,78
78218,Orgeval,Yvelines,78
78219,Orphin,Yvelines,78
78220,Orsonville,Yvelines,78
78221,Orvilliers,Yvelines,78
78222,Osmoy,Yvelines,78
78224,Paray-Douaville,Yvelines,78
78228,Le Pecq,Yvelines,78
78229,Perdreauville,Yvelines,78
78230,Le Perray-en-Yvelines,Yvelines,78
78233,Plaisir,Yvelines,78
78235,Les Alluets-le-Roi,Yvelines,78
78238,Poissy,Yvelines,78
78239,Ponthévrard,Yvelines,78
78240,Port-Villez,Yvelines,78
78247,Pourrain,Yvelines,78
78248,Prunay-le-Temple,Yvelines,78
78250,Prunay-en-Yvelines,Yvelines,78
78251,Pusignan,Yvelines,78
78253,Raizeux,Yvelines,78
78255,Rambouillet,Yvelines,78
78257,Richebourg,Yvelines,78
78260,Rolleboise,Yvelines,78
78262,Rosay,Yvelines,78
78264,Rambouillet,Yvelines,78
78269,Saint-Arnoult-en-Yvelines,Yvelines,78
78270,Saint-Cyr-l'École,Yvelines,78
78271,Saint-Forget,Yvelines,78
78272,Saint-Germain-de-la-Grange,Yvelines,78
78274,Saint-Germain-en-Laye,Yvelines,78
78275,Saint-Hilarion,Yvelines,78
78276,Saint-Illiers-la-Ville,Yvelines,78
78277,Saint-Illiers-le-Bois,Yvelines,78
78278,Saint-Lambert,Yvelines,78
78279,Saint-Léger-en-Yvelines,Yvelines,78
78280,Saint-Martin-de-Bréthencourt,Yvelines,78
78281,Saint-Martin-des-Champs,Yvelines,78
78282,Saint-Martin-la-Garenne,Yvelines,78
78283,Saint-Nom-la-Bretèche,Yvelines,78
78284,Saint-Rémy-l'Honoré,Yvelines,78
78285,Saint-Rémy-lès-Chevreuse,Yvelines,78
78286,Sainville,Yvelines,78
78287,Saulx-Marchais,Yvelines,78
78289,Sartrouville,Yvelines,78
78290,Saulx-les-Chartreux,Yvelines,78
78291,Gazeran,Yvelines,78
78292,Septeuil,Yvelines,78
78294,Sonchamp,Yvelines,78
78295,Soindres,Yvelines,78
78297,Tacoignières,Yvelines,78
78298,Thoiry,Yvelines,78
78299,Thiverval-Grignon,Yvelines,78
78300,Tillières,Yvelines,78
78301,Toussus-le-Noble,Yvelines,78
78302,Trappes,Yvelines,78
78306,Tremblay-sur-Mauldre,Yvelines,78
78307,Tricot,Yvelines,78
78308,Trossy,Yvelines,78
78309,Les Ulis,Yvelines,78
78311,Us,Yvelines,78
78312,Vaux-sur-Seine,Yvelines,78
78313,Vélizy-Villacoublay,Yvelines,78
78314,Verneuil-sur-Seine,Yvelines,78
78316,Vernouillet,Yvelines,78
78317,La Verrière,Yvelines,78
78318,Versailles,Yvelines,78
78319,Vert,Yvelines,78
78320,Vieille-Église-en-Yvelines,Yvelines,78
78321,Les Vieilles-Maisons-sur-Joudry,Yvelines,78
78322,Le Vésinet,Yvelines,78
78323,Vicq,Yvelines,78
78324,Villecresnes,Yvelines,78
78325,Villepreux,Yvelines,78
78327,Villiers-le-Mahieu,Yvelines,78
78328,Villiers-Saint-Frédéric,Yvelines,78
78330,Viroflay,Yvelines,78
78332,Voisins-le-Bretonneux,Yvelines,78
78334,Wissous,Yvelines,78
78336,Yvelines,Yvelines,78
78339,Beynes,Yvelines,78
78340,Drocourt,Yvelines,78
91001,Abbéville-la-Rivière,Essonne,91
91002,Angerville,Essonne,91
91003,Arpajon,Essonne,91
91004,Arrancourt,Essonne,91
91021,Athis-Mons,Essonne,91
91022,Authon-la-Plaine,Essonne,91
91023,Auvernaux,Essonne,91
91024,Auvers-Saint-Georges,Essonne,91
91025,Avrainville,Essonne,91
91026,Ballainvilliers,Essonne,91
91027,Ballancourt-sur-Essonne,Essonne,91
91030,Baulne,Essonne,91
91037,Bièvres,Essonne,91
91038,Boissy-la-Rivière,Essonne,91
91039,Boissy-le-Cutté,Essonne,91
91040,Boissy-le-Sec,Essonne,91
91041,Boissy-sous-Saint-Yon,Essonne,91
91044,Bouray-sur-Juine,Essonne,91
91045,Boussy-Saint-Antoine,Essonne,91
91047,Boutervilliers,Essonne,91
91048,Boutigny-sur-Essonne,Essonne,91
91049,Bouville,Essonne,91
91051,Brétigny-sur-Orge,Essonne,91
91052,Breuillet,Essonne,91
91053,Breux-Jouy,Essonne,91
91054,Briis-sous-Forges,Essonne,91
91056,Brunoy,Essonne,91
91057,Bruyères-le-Châtel,Essonne,91
91058,Buno-Bonnevaux,Essonne,91
91059,Bures-sur-Yvette,Essonne,91
91060,Cerny,Essonne,91
91064,Chamarande,Essonne,91
91065,Champcueil,Essonne,91
91066,Cheptainville,Essonne,91
91067,Chilly-Mazarin,Essonne,91
91070,Courcouronnes,Essonne,91
91071,Courson-Monteloup,Essonne,91
91072,Crosne,Essonne,91
91073,Corbeil-Essonnes,Essonne,91
91075,D'Huison-Longueville,Essonne,91
91078,Dourdan,Essonne,91
91079,Draveil,Essonne,91
91081,Égly,Essonne,91
91082,Épinay-sous-Sénart,Essonne,91
91084,Étampes,Essonne,91
91085,Évry-Courcouronnes,Essonne,91
91086,Fermaincourt,Essonne,91
91088,Fontenay-le-Vicomte,Essonne,91
91089,La Ferté-Alais,Essonne,91
91090,Forges-les-Bains,Essonne,91
91091,Gif-sur-Yvette,Essonne,91
91092,Gometz-la-Ville,Essonne,91
91093,Gometz-le-Châtel,Essonne,91
91097,Grigny,Essonne,91
91098,Guibeville,Essonne,91
91099,Guillerval,Essonne,91
91103,Igny,Essonne,91
91104,Itteville,Essonne,91
91106,Janvry,Essonne,91
91109,Juvisy-sur-Orge,Essonne,91
91112,Lardy,Essonne,91
91113,Leudeville,Essonne,91
91114,Limours,Essonne,91
91115,Linas,Essonne,91
91116,Lisses,Essonne,91
91117,Longjumeau,Essonne,91
91118,Longpont-sur-Orge,Essonne,91
91119,Les Loges-en-Josas,Essonne,91
91121,Louville-la-Chenard,Essonne,91
91122,Marolles-en-Beauce,Essonne,91
91123,Marolles-en-Hurepoix,Essonne,91
91124,Marcoussis,Essonne,91
91125,Mauchamps,Essonne,91
91126,Méréville,Essonne,91
91128,Milly-la-Forêt,Essonne,91
91129,Moigny-sur-École,Essonne,91
91130,Mons,Essonne,91
91131,Montlhéry,Essonne,91
91132,Morigny-Champigny,Essonne,91
91133,Morsang-sur-Orge,Essonne,91
91134,Morsang-sur-Seine,Essonne,91
91135,Nainville-les-Roches,Essonne,91
91137,Nozay,Essonne,91
91138,Ollainville,Essonne,91
91139,Oncy-sur-École,Essonne,91
91141,Orsay,Essonne,91
91143,Vert-le-Grand,Essonne,91
91144,Palaiseau,Essonne,91
91145,Paray-Vieille-Poste,Essonne,91
91146,Plessis-Pâté,Essonne,91
91147,La Norville,Essonne,91
91149,Pringy,Essonne,91
91150,Pussay,Essonne,91
91154,Richarville,Essonne,91
91155,Roinville,Essonne,91
91156,Roinvilliers,Essonne,91
91157,Ris-Orangis,Essonne,91
91158,La Rochette,Essonne,91
91159,Saclas,Essonne,91
91160,Saclay,Essonne,91
91161,Saint-Aubin,Essonne,91
91162,Saint-Chéron,Essonne,91
91163,Saint-Cyr-sous-Dourdan,Essonne,91
91164,Saint-Cyr-la-Rivière,Essonne,91
91165,Saint-Escobille,Essonne,91
91166,Saint-Germain-lès-Arpajon,Essonne,91
91167,Saint-Germain-lès-Corbeil,Essonne,91
91168,Saint-Hilaire,Essonne,91
91169,Saint-Jean-de-Beauregard,Essonne,91
91172,Saint-Maurice-Montcouronne,Essonne,91
91173,Saint-Michel-sur-Orge,Essonne,91
91174,Saint-Pierre-du-Perray,Essonne,91
91175,Saint-Sulpice-de-Favières,Essonne,91
91176,Saint-Yon,Essonne,91
91177,Sainte-Geneviève-des-Bois,Essonne,91
91178,Saintry-sur-Seine,Essonne,91
91179,Saulx-les-Chartreux,Essonne,91
91180,Savigny-sur-Orge,Essonne,91
91181,Sermaise,Essonne,91
91182,Soisy-sur-École,Essonne,91
91183,Soisy-sur-Seine,Essonne,91
91184,Soisy-sous-Montmorency,Essonne,91
91186,Souzy-la-Briche,Essonne,91
91187,Tigery,Essonne,91
91188,Torfou,Essonne,91
91190,Varennes-Jarcy,Essonne,91
91192,Vayres-sur-Essonne,Essonne,91
91193,Verrières-le-Buisson,Essonne,91
91194,Vert-le-Petit,Essonne,91
91195,Videlles,Essonne,91
91197,Vigneux-sur-Seine,Essonne,91
91200,Villabé,Essonne,91
91201,La Ville-du-Bois,Essonne,91
91202,Villebon-sur-Yvette,Essonne,91
91203,Villeconin,Essonne,91
91204,Villemoisson-sur-Orge,Essonne,91
91205,Villeneuve-sur-Auvers,Essonne,91
91206,Villiers-le-Bâcle,Essonne,91
91208,Villiers-sur-Orge,Essonne,91
91210,Viry-Châtillon,Essonne,91
91211,Wissous,Essonne,91
91212,Yerres,Essonne,91
92002,Antony,Hauts-de-Seine,92
92004,Asnières-sur-Seine,Hauts-de-Seine,92
92007,Bagneux,Hauts-de-Seine,92
92009,Bois-Colombes,Hauts-de-Seine,92
92012,Boulogne-Billancourt,Hauts-de-Seine,92
92014,Bourg-la-Reine,Hauts-de-Seine,92
92019,Châtenay-Malabry,Hauts-de-Seine,92
92020,Châtillon,Hauts-de-Seine,92
92022,Chaville,Hauts-de-Seine,92
92023,Clamart,Hauts-de-Seine,92
92024,Clichy,Hauts-de-Seine,92
92025,Colombes,Hauts-de-Seine,92
92026,Courbevoie,Hauts-de-Seine,92
92032,Fontenay-aux-Roses,Hauts-de-Seine,92
92033,Garches,Hauts-de-Seine,92
92035,La Garenne-Colombes,Hauts-de-Seine,92
92036,Gennevilliers,Hauts-de-Seine,92
92040,Issy-les-Moulineaux,Hauts-de-Seine,92
92044,Levallois-Perret,Hauts-de-Seine,92
92046,Malakoff,Hauts-de-Seine,92
92047,Marnes-la-Coquette,Hauts-de-Seine,92
92048,Meudon,Hauts-de-Seine,92
92049,Montrouge,Hauts-de-Seine,92
92050,Nanterre,Hauts-de-Seine,92
92051,Neuilly-sur-Seine,Hauts-de-Seine,92
92060,Le Plessis-Robinson,Hauts-de-Seine,92
92062,Puteaux,Hauts-de-Seine,92
92063,Rueil-Malmaison,Hauts-de-Seine,92
92064,Saint-Cloud,Hauts-de-Seine,92
92071,Sceaux,Hauts-de-Seine,92
92072,Sèvres,Hauts-de-Seine,92
92073,Suresnes,Hauts-de-Seine,92
92074,Triell-sur-Seine,Hauts-de-Seine,92
92075,Vanves,Hauts-de-Seine,92
92076,Vaucresson,Hauts-de-Seine,92
92077,Ville-d'Avray,Hauts-de-Seine,92
92078,Villeneuve-la-Garenne,Hauts-de-Seine,92
93001,Aubervilliers,Seine-Saint-Denis,93
93005,Aulnay-sous-Bois,Seine-Saint-Denis,93
93006,Bagnolet,Seine-Saint-Denis,93
93007,Le Blanc-Mesnil,Seine-Saint-Denis,93
93008,Bobigny,Seine-Saint-Denis,93
93010,Bondy,Seine-Saint-Denis,93
93011,Le Bourget,Seine-Saint-Denis,93
93012,Clichy-sous-Bois,Seine-Saint-Denis,93
93013,Coubron,Seine-Saint-Denis,93
93014,La Courneuve,Seine-Saint-Denis,93
93015,Drancy,Seine-Saint-Denis,93
93016,Dugny,Seine-Saint-Denis,93
93017,Épinay-sur-Seine,Seine-Saint-Denis,93
93018,Les Pavillons-sous-Bois,Seine-Saint-Denis,93
93019,Gagny,Seine-Saint-Denis,93
93020,Gournay-sur-Marne,Seine-Saint-Denis,93
93021,L'Île-Saint-Denis,Seine-Saint-Denis,93
93022,Les Lilas,Seine-Saint-Denis,93
93023,Livry-Gargan,Seine-Saint-Denis,93
93024,Montfermeil,Seine-Saint-Denis,93
93025,Montreuil,Seine-Saint-Denis,93
93026,Montmagny,Seine-Saint-Denis,93
93027,Neuilly-Plaisance,Seine-Saint-Denis,93
93028,Neuilly-sur-Marne,Seine-Saint-Denis,93
93029,Noisy-le-Grand,Seine-Saint-Denis,93
93030,Noisy-le-Sec,Seine-Saint-Denis,93
93031,Pantin,Seine-Saint-Denis,93
93032,Les Pavillons-sous-Bois,Seine-Saint-Denis,93
93033,Pierrefitte-sur-Seine,Seine-Saint-Denis,93
93034,Le Raincy,Seine-Saint-Denis,93
93035,Romainville,Seine-Saint-Denis,93
93036,Rosny-sous-Bois,Seine-Saint-Denis,93
93037,Saint-Denis,Seine-Saint-Denis,93
93038,Saint-Ouen-sur-Seine,Seine-Saint-Denis,93
93039,Sevran,Seine-Saint-Denis,93
93040,Stains,Seine-Saint-Denis,93
93041,Tremblay-en-France,Seine-Saint-Denis,93
93042,Vaujours,Seine-Saint-Denis,93
93043,Villemomble,Seine-Saint-Denis,93
93044,Villepinte,Seine-Saint-Denis,93
93045,Villetaneuse,Seine-Saint-Denis,93
94001,Ablon-sur-Seine,Val-de-Marne,94
94002,Alfortville,Val-de-Marne,94
94003,Arcueil,Val-de-Marne,94
94004,Boissy-Saint-Léger,Val-de-Marne,94
94005,Bonneuil-sur-Marne,Val-de-Marne,94
94006,Bry-sur-Marne,Val-de-Marne,94
94007,Cachan,Val-de-Marne,94
94008,Charenton-le-Pont,Val-de-Marne,94
94009,Chennevières-sur-Marne,Val-de-Marne,94
94010,Chevilly-Larue,Val-de-Marne,94
94011,Choisy-le-Roi,Val-de-Marne,94
94012,Créteil,Val-de-Marne,94
94013,Fontenay-sous-Bois,Val-de-Marne,94
94014,Fresnes,Val-de-Marne,94
94015,Gentilly,Val-de-Marne,94
94016,L'Haÿ-les-Roses,Val-de-Marne,94
94017,Ivry-sur-Seine,Val-de-Marne,94
94018,Joinville-le-Pont,Val-de-Marne,94
94019,Le Kremlin-Bicêtre,Val-de-Marne,94
94020,Limeil-Brévannes,Val-de-Marne,94
94021,Maisons-Alfort,Val-de-Marne,94
94023,La Queue-en-Brie,Val-de-Marne,94
94024,Mandres-les-Roses,Val-de-Marne,94
94025,Marolles-en-Brie,Val-de-Marne,94
94026,Noiseau,Val-de-Marne,94
94027,Nogent-sur-Marne,Val-de-Marne,94
94028,Orly,Val-de-Marne,94
94029,Ormesson-sur-Marne,Val-de-Marne,94
94030,Périgny,Val-de-Marne,94
94031,Le Perreux-sur-Marne,Val-de-Marne,94
94032,Rungis,Val-de-Marne,94
94033,Saint-Maur-des-Fossés,Val-de-Marne,94
94034,Saint-Mandé,Val-de-Marne,94
94035,Santeny,Val-de-Marne,94
94036,Sucy-en-Brie,Val-de-Marne,94
94037,Thiais,Val-de-Marne,94
94038,Valenton,Val-de-Marne,94
94039,Villejuif,Val-de-Marne,94
94040,Villeneuve-le-Roi,Val-de-Marne,94
94041,Villeneuve-Saint-Georges,Val-de-Marne,94
94042,Villiers-sur-Marne,Val-de-Marne,94
94043,Vincennes,Val-de-Marne,94
94044,Vitry-sur-Seine,Val-de-Marne,94
95002,Aincourt,Val-d'Oise,95
95003,Ambleville,Val-d'Oise,95
95005,Andilly,Val-d'Oise,95
95007,Argenteuil,Val-d'Oise,95
95008,Arnouville,Val-d'Oise,95
95010,Arronville,Val-d'Oise,95
95011,Arthies,Val-d'Oise,95
95013,Asnieres-sur-Oise,Val-d'Oise,95
95015,Attainville,Val-d'Oise,95
95016,Auvers-sur-Oise,Val-d'Oise,95
95018,Avernes,Val-d'Oise,95
95019,Baillet-en-France,Val-d'Oise,95
95021,Banthelu,Val-d'Oise,95
95025,Beaumont-sur-Oise,Val-d'Oise,95
95027,Bernes-sur-Oise,Val-d'Oise,95
95029,Bessancourt,Val-d'Oise,95
95030,Béthemont-la-Forêt,Val-d'Oise,95
95034,Boisemont,Val-d'Oise,95
95036,Boissy-l'Aillerie,Val-d'Oise,95
95038,Boran-sur-Oise,Val-d'Oise,95
95039,Bornel,Val-d'Oise,95
95040,Bougival,Val-d'Oise,95
95041,Bouffémont,Val-d'Oise,95
95044,Bouqueval,Val-d'Oise,95
95045,Brignancourt,Val-d'Oise,95
95046,Bray-et-Lû,Val-d'Oise,95
95049,Bruyères-sur-Oise,Val-d'Oise,95
95052,Butry-sur-Oise,Val-d'Oise,95
95054,Cergy,Val-d'Oise,95
95055,Chars,Val-d'Oise,95
95056,Chaumontel,Val-d'Oise,95
95057,Chaussy,Val-d'Oise,95
95058,Chennevières-lès-Louvres,Val-d'Oise,95
95059,Cléry-en-Vexin,Val-d'Oise,95
95060,Commeny,Val-d'Oise,95
95061,Condécourt,Val-d'Oise,95
95062,Courdimanche,Val-d'Oise,95
95063,Cormeilles-en-Parisis,Val-d'Oise,95
95064,Cormeilles-en-Vexin,Val-d'Oise,95
95065,Courcelles-sur-Viosne,Val-d'Oise,95
95068,Deuil-la-Barre,Val-d'Oise,95
95069,Domont,Val-d'Oise,95
95071,Écouen,Val-d'Oise,95
95072,Énery,Val-d'Oise,95
95074,Épiais-lès-Louvres,Val-d'Oise,95
95075,Épiais-Rhus,Val-d'Oise,95
95076,Épinay-Champlâtreux,Val-d'Oise,95
95079,Éragny,Val-d'Oise,95
95080,Ermont,Val-d'Oise,95
95083,Fontenay-en-Parisis,Val-d'Oise,95
95086,Fosses,Val-d'Oise,95
95087,Franconville,Val-d'Oise,95
95088,Frémécourt,Val-d'Oise,95
95091,Frouville,Val-d'Oise,95
95093,Garges-lès-Gonesse,Val-d'Oise,95
95098,Gonesse,Val-d'Oise,95
95100,Goussainville,Val-d'Oise,95
95101,Grisy-les-Plâtres,Val-d'Oise,95
95104,Guiry-en-Vexin,Val-d'Oise,95
95105,Groslay,Val-d'Oise,95
95107,Hadancourt-le-Haut-Clocher,Val-d'Oise,95
95109,Haravilliers,Val-d'Oise,95
95114,Herblay-sur-Seine,Val-d'Oise,95
95116,Hodent,Val-d'Oise,95
95119,L'Isle-Adam,Val-d'Oise,95
95120,Jagny-sous-Bois,Val-d'Oise,95
95121,Jouy-le-Moutier,Val-d'Oise,95
95122,Lavilletertre,Val-d'Oise,95
95124,Le Bellay-en-Vexin,Val-d'Oise,95
95126,Livilliers,Val-d'Oise,95
95127,Longuesse,Val-d'Oise,95
95130,Louvres,Val-d'Oise,95
95131,Labbeville,Val-d'Oise,95
95133,Maffliers,Val-d'Oise,95
95134,Magny-en-Vexin,Val-d'Oise,95
95136,Marines,Val-d'Oise,95
95137,Marly-la-Ville,Val-d'Oise,95
95138,Mareil-en-France,Val-d'Oise,95
95141,Maurecourt,Val-d'Oise,95
95142,Ménil-Montant,Val-d'Oise,95
95143,Menouville,Val-d'Oise,95
95144,Menucourt,Val-d'Oise,95
95145,Meriel,Val-d'Oise,95
95146,Méru,Val-d'Oise,95
95148,Mery-sur-Oise,Val-d'Oise,95
95150,Le Mesnil-Aubry,Val-d'Oise,95
95151,Le Mesnil-en-Thelle,Val-d'Oise,95
95153,Moisselles,Val-d'Oise,95
95155,Montigny-lès-Cormeilles,Val-d'Oise,95
95157,Montlignon,Val-d'Oise,95
95158,Montmagny,Val-d'Oise,95
95159,Montmorency,Val-d'Oise,95
95160,Montreuil-sur-Epte,Val-d'Oise,95
95161,Montsoult,Val-d'Oise,95
95163,Mours,Val-d'Oise,95
95164,Moussy,Val-d'Oise,95
95165,Nerville-la-Forêt,Val-d'Oise,95
95168,Nesles-la-Vallée,Val-d'Oise,95
95169,Neuilly-en-Vexin,Val-d'Oise,95
95170,Neuville-sur-Oise,Val-d'Oise,95
95172,Nointel,Val-d'Oise,95
95173,Noisy-sur-Oise,Val-d'Oise,95
95176,Nucourt,Val-d'Oise,95
95177,Oinville-sur-Montcient,Val-d'Oise,95
95178,Omerville,Val-d'Oise,95
95180,Osny,Val-d'Oise,95
95182,Parmain,Val-d'Oise,95
95183,Le Perchay,Val-d'Oise,95
95184,Pierrelaye,Val-d'Oise,95
95185,Piscop,Val-d'Oise,95
95187,Le Plessis-Bouchard,Val-d'Oise,95
95188,Le Plessis-Gassot,Val-d'Oise,95
95189,Le Plessis-Luzarches,Val-d'Oise,95
95190,Pontoise,Val-d'Oise,95
95191,Presles,Val-d'Oise,95
95192,Puiseux-en-France,Val-d'Oise,95
95193,Puiseux-Pontoise,Val-d'Oise,95
95197,Roissy-en-France,Val-d'Oise,95
95199,Ronquerolles,Val-d'Oise,95
95200,Rosny-sur-Seine,Val-d'Oise,95
95201,Sagy,Val-d'Oise,95
95202,Saint-Brice-sous-Forêt,Val-d'Oise,95
95204,Saint-Clair-sur-Epte,Val-d'Oise,95
95205,Saint-Cyr-en-Arthies,Val-d'Oise,95
95206,Saint-Gervais,Val-d'Oise,95
95209,Saint-Gratien,Val-d'Oise,95
95210,Saint-Leu-la-Forêt,Val-d'Oise,95
95211,Saint-Martin-du-Tertre,Val-d'Oise,95
95212,Saint-Ouen-l'Aumône,Val-d'Oise,95
95215,Saint-Prix,Val-d'Oise,95
95216,Sainte-Geneviève-lès-Gasny,Val-d'Oise,95
95218,Sannois,Val-d'Oise,95
95219,Santeuil,Val-d'Oise,95
95220,Sarcelles,Val-d'Oise,95
95222,Seraincourt,Val-d'Oise,95
95223,Seugy,Val-d'Oise,95
95224,Silly-Tillard,Val-d'Oise,95
95225,Soisy-sous-Montmorency,Val-d'Oise,95
95226,Survilliers,Val-d'Oise,95
95228,Taverny,Val-d'Oise,95
95229,Théméricourt,Val-d'Oise,95
95232,Theuville,Val-d'Oise,95
95234,Us,Val-d'Oise,95
95235,Valmondois,Val-d'Oise,95
95236,Vallangoujard,Val-d'Oise,95
95238,Vauréal,Val-d'Oise,95
95240,Vétheuil,Val-d'Oise,95
95241,Viarmes,Val-d'Oise,95
95242,Vigny,Val-d'Oise,95
95243,Villaines-sous-Bois,Val-d'Oise,95
95244,Villeron,Val-d'Oise,95
95245,Villers-en-Arthies,Val-d'Oise,95
95246,Villiers-Adam,Val-d'Oise,95
95247,Villiers-le-Bel,Val-d'Oise,95
95249,Villiers-le-Sec,Val-d'Oise,95
95250,Wy-dit-Joli-Village,Val-d'Oise,95
95252,Cergy,Val-d'Oise,95
95256,Bouffémont,Val-d'Oise,95
95258,Épluches,Val-d'Oise,95
95259,Eaubonne,Val-d'Oise,95
95262,Pierrefitte-sur-Seine,Val-d'Oise,95
95265,Bezons,Val-d'Oise,95
95270,Enghien-les-Bains,Val-d'Oise,95
95272,Argenteuil,Val-d'Oise,95
95280,Andilly,Val-d'Oise,95
